Symbol,Description,Price,Price - Currency,Price Change % 1 day,Volume 1 day,Relative Volume 1 day,Market capitalization,Market capitalization - Currency,Price to earnings ratio,"Earnings per share diluted, Trailing 12 months","Earnings per share diluted, Trailing 12 months - Currency","Earnings per share diluted growth %, TTM YoY","Dividend yield %, Trailing 12 months",Sector,Analyst Rating
NVDA,NVIDIA Corporation,183.04,USD,1.660649819494574,177725191,0.8356932490658199,4447872075389.504,USD,37.34290843806104,4.9016,USD,66.7494471848954,0.0222160510969175,Electronic technology,Strong buy
AAPL,Apple Inc.,262.52,USD,-0.46635071090048086,39803119,0.9701835525585983,3854092780507.424,USD,33.2144031984615,7.9038,USD,25.648607401755065,0.394312796208531,Electronic technology,Buy
GOOG,Alphabet Inc.,303.45,USD,-0.03623665832125894,20015320,0.936017136280055,3670967679085.23,USD,28.081881194532617,10.8059,USD,34.30151628138206,0.273422058242193,Technology services,Strong buy
GOOGL,Alphabet Inc.,303.13,USD,-0.14823110876868986,29536190,0.8539232700929288,3666854908676.375,USD,28.05226774262209,10.8059,USD,34.30151628138206,0.273404045062257,Technology services,Strong buy
MSFT,Microsoft Corporation,405.2,USD,0.31441091278191313,35807702,0.9792466300473293,3008864778254.94,USD,25.35209505158638,15.9829,USD,28.732401172718202,0.861535414552026,Technology services,Strong buy
AMZN,"Amazon.com, Inc.",216.82,USD,3.875820437886266,54730812,1.1331843178379464,2327545501556.7197,USD,30.23061264326148,7.1722,USD,29.884099963781235,0,Retail trade,Strong buy
META,"Meta Platforms, Inc.",667.73,USD,1.931061855040602,10810047,0.9210980292848254,1689060104943.0293,USD,28.425049700096633,23.4909,USD,-1.8041592642909376,0.320571533247848,Technology services,Strong buy
TSM,Taiwan Semiconductor Manufacturing Company Ltd.,357.44,USD,1.220513691841532,12129596,1.089734865953476,1581254288018.4216,USD,33.5224661671059,10.6627,USD,51.55352777303997,0.688004984000227,Electronic technology,Strong buy
TSLA,"Tesla, Inc.",405.94,USD,3.4426521927477487,68304675,1.206553057269231,1523262170872.0198,USD,377.26765799256503,1.076,USD,-47.21091105332875,0,Consumer durables,Neutral
AVGO,Broadcom Inc.,317.53,USD,1.1757583482029053,34893899,1.6688006180366985,1505496692085.9836,USD,66.69677365148715,4.7608,USD,290.5175949470921,0.771093550853938,Electronic technology,Strong buy
BRK.B,Berkshire Hathaway Inc. New,487.48,USD,1.2713977064982558,4369056,0.8748351245264482,1051141908105.6105,USD,15.703885058952388,31.042,USD,-24.793704785855137,0,Finance,Neutral
WMT,Walmart Inc.,127.81,USD,-0.07817997029160685,16434122,0.634001838699703,1018667072435.9626,USD,46.806562660221196,2.7306,USD,13.420560747663538,0.734891720741146,Retail trade,Strong buy
LLY,Eli Lilly and Company,1003.57,USD,-0.41280898653408826,1965538,0.6216655703782826,946725189522.0603,USD,44.426392793111845,22.5895,USD,96.61679330844018,0.618221150506584,Health technology,Buy
JPM,JP Morgan Chase & Co.,299.39,USD,-0.2897488843002746,8055670,0.7994864815797507,807464577666.1722,USD,14.961869446582241,20.0102,USD,1.3323475345747045,1.93165922866849,Finance,Buy
XOM,Exxon Mobil Corporation,149.82,USD,-1.323849041691378,16764752,0.7828641288128982,624264540848.5319,USD,22.378562466391827,6.6948,USD,-14.721355327686139,2.66087071066324,Energy minerals,Buy
V,Visa Inc.,320.47,USD,-0.11220895801513475,5257887,0.6336996978906144,610818793436.7896,USD,30.368243499355625,10.5528,USD,7.797129577608654,0.785462706106038,Finance,Strong buy
JNJ,Johnson & Johnson,245.3,USD,-0.5876393110435618,5767979,0.622630610955273,591148206494.6144,USD,22.20753589599667,11.0458,USD,90.53023769275883,2.10739614994934,Health technology,Buy
TCEHY,Tencent Holding Ltd.,65.13,USD,1.1021421918658705,3705652,1.492614649894214,590053767734.3635,USD,20.06654958868657,3.2457,USD,30.722139433726685,0.768239483981413,Technology services,Strong buy
ASML,ASML Holding N.V. - New York Registry Shares,1399.37,USD,2.8237835613619877,1486714,1.0084234136523793,515231269967.82294,USD,50.07729689881979,27.9442,USD,34.43954257013235,0.481406380883801,Electronic technology,Buy
MA,Mastercard Incorporated,522.92,USD,-0.26701251144341065,3154939,0.7309826608023835,466346491622.07776,USD,31.6527950122575,16.5205,USD,18.957782786206483,0.600778150747635,Finance,Strong buy
MU,"Micron Technology, Inc.",400.77,USD,5.5546776232616875,32643330,1.0769573973777495,451070344379.259,USD,38.096007604562736,10.52,USD,203.81794027609308,0.121154656552887,Electronic technology,Buy
COST,Costco Wholesale Corporation,1006.74,USD,-0.1022058604641905,1806576,0.9157572251041862,446861103802.398,USD,53.92778131913458,18.6683,USD,9.62265702071687,0.515990751858063,Retail trade,Buy
ORCL,Oracle Corporation,152.37,USD,2.254882222669629,17585063,0.7345341148542248,437925239346.5581,USD,28.635594813005078,5.321,USD,30.2124119028974,1.34219179920811,Technology services,Buy
ABBV,AbbVie Inc.,236.19,USD,0.9963225861626546,5380807,0.8838965132785368,417623824283.3306,USD,100.02117387990174,2.3614,USD,-1.262752968723858,2.84358163003506,Health technology,Buy
NFLX,"Netflix, Inc.",98.66,USD,0.9825997952917029,52603919,0.7986822051274901,416558500699.3926,USD,39.04079775236437,2.5271,USD,27.451079281823688,0,Technology services,Buy
CVX,Chevron Corporation,186.03,USD,-1.451501827620919,11054382,1.0672826324339595,371201572603.601,USD,27.982851985559567,6.648,USD,-31.455437786117873,3.66053928060603,Energy minerals,Buy
PG,Procter & Gamble Company (The),158.3,USD,-0.8890558477335258,8752709,0.7943194533259688,367889318753.7422,USD,23.45602181128497,6.7488,USD,7.5231813402160395,2.64663160530929,Consumer non-durables,Buy
HD,"Home Depot, Inc. (The)",369.11,USD,0.5968603510301966,4324431,1.021887842256659,367453253840.17883,USD,25.93649209840282,14.2313,USD,-4.587814100673123,2.50735855227298,Retail trade,Buy
PLTR,Palantir Technologies Inc.,153.19,USD,4.055155549517727,60059374,1.0861414035828656,366380804000.06433,USD,242.08280657395701,0.6328,USD,234.63775780010582,0,Technology services,Buy
RHHBY,Roche Holding Ltd,57.86,USD,0.1904761904761895,2680465,1.056653239643372,363085746853.27496,USD,24.082244235411636,2.4026,USD,64.86653400123517,1.48213333333333,Health technology,Buy
BAC,Bank of America Corporation,50.3,USD,0.6603962377426422,34208475,0.7150320478858473,360987119902.39343,USD,13.157894736842104,3.8228,USD,18.916228574983666,2.16129677806684,Finance,Buy
GE,GE Aerospace,339.81,USD,1.6968935176872018,3920829,0.7631271625190525,356397364575.95593,USD,41.751855310365166,8.1388,USD,36.25299248321698,0.430957083857066,Electronic technology,Buy
CAT,"Caterpillar, Inc.",731.97,USD,1.3556177130355422,2823711,1.0202476658994395,340576380698.71967,USD,38.879770536212256,18.8265,USD,-14.698739499605809,0.822509623639536,Producer manufacturing,Buy
KO,Coca-Cola Company (The),78.1,USD,-1.5628938744643421,21011846,1.1666063362279044,335886462083.9387,USD,25.703472107948,3.0385,USD,23.486141591481758,2.571212503151,Consumer non-durables,Buy
AMD,"Advanced Micro Devices, Inc.",202.07,USD,5.8235140089028565,40912376,1.0484900913996793,329457123008.25934,USD,76.40275257108287,2.6448,USD,163.63636363636363,0,Electronic technology,Buy
CSCO,"Cisco Systems, Inc.",80.87,USD,2.4189463019250392,20388106,0.9334620040314104,319427848576.3563,USD,28.447305473476856,2.8428,USD,24.569475483107674,2.07700101317123,Electronic technology,Buy
AZN,AstraZeneca PLC,201.53,USD,-0.11399682791434862,2911154,1.4632743351489004,312536586900.3709,USD,30.02222607085122,6.712693440000001,USD,51.836125613653884,1.58183766407715,Health technology,Buy
NVS,Novartis AG,165.15,USD,0.5908149591911309,2135204,0.7426199842725679,307586982839.5158,USD,22.978670117293486,7.1871,USD,22.42530576091031,1.9960470215617,Health technology,Neutral
MRK,"Merck & Company, Inc.",120.28,USD,0.3755320036718709,6700905,0.6427961786534809,297379325110.4301,USD,16.533106074143312,7.2751,USD,8.03694738561606,2.73721104898606,Health technology,Buy
BABA,Alibaba Group Holding Limited,133.27,USD,-1.7110406372151288,14290534,1.6424893189600698,290478685189.807,USD,18.35017762233911,7.2626,USD,49.11405399856278,0.759643041522236,Retail trade,Strong buy
HSBC,"HSBC Holdings, plc.",87.19,USD,1.9885366709556707,2025319,0.83983184777694,289655176879.2925,USD,14.533604480597413,5.9992,USD,-2.8674125285365064,3.83670604749094,Finance,Buy
AMAT,"Applied Materials, Inc.",357.76,USD,1.8330866446544456,5980270,0.7902058851903564,283921870607.0892,USD,36.64522473061007,9.7628,USD,27.716801193077018,0.523739041329842,Producer manufacturing,Buy
RTX,RTX Corporation,208.82,USD,1.113693588998636,6140310,0.7550597454514676,280296501941.48,USD,42.080444945993875,4.9624,USD,39.67574870524656,1.31706372264187,Electronic technology,Buy
PM,Philip Morris International Inc,179.04,USD,0.6238408362839235,4493856,0.9604933477612864,278707897921.49725,USD,24.646559200473547,7.2643,USD,60.67194550119437,3.16978587084809,Consumer non-durables,Buy
LRCX,Lam Research Corporation,222.99,USD,2.6326690293183588,8612452,0.8619622146486343,278463449895.12787,USD,45.7012276351116,4.8793,USD,48.266431675225604,0.451051686841257,Producer manufacturing,Buy
MS,Morgan Stanley,167.58,USD,0.9822235613136632,5307789,0.6966150329462925,266093612364.47147,USD,16.41991397133031,10.2059,USD,28.447190898107127,2.36517023199759,Finance,Buy
UNH,UnitedHealth Group Incorporated,291.96,USD,0.9508661526226617,7796005,0.9510094435445549,265005031083.5322,USD,22.1285755430581,13.1938,USD,-15.09617302779333,3.0185678226894,Health services,Buy
WFC,Wells Fargo & Company,83.93,USD,1.696352841391016,18061158,1.016125793843793,258977404011.16544,USD,13.404350464752293,6.2614,USD,16.50850359123218,2.12044105173876,Finance,Buy
GS,"Goldman Sachs Group, Inc. (The)",867.25,USD,0.5413990586380346,2081820,0.7841994187382008,257358983370.09576,USD,16.90572172665461,51.2992,USD,26.522860793086263,1.62303786315472,Finance,Neutral
TMUS,"T-Mobile US, Inc.",219.71,USD,0.5399716286093474,7407602,1.2461388521902854,242090272890.438,USD,22.627188465499483,9.71,USD,0.34931067981233505,1.73889168535213,Communications,Buy
MCD,McDonald's Corporation,331.74,USD,-0.12945178673570967,2455854,0.699984867912898,235667647926.7906,USD,27.754862999372516,11.9525,USD,4.916435518415788,2.15853328115122,Consumer services,Buy
IBM,International Business Machines Corporation,250.06,USD,1.9487932159165042,6084969,0.7398604286618746,234564871592.83945,USD,22.430526901203784,11.1482,USD,73.72915692691288,2.73972602739726,Technology services,Buy
SHEL,Shell PLC,82.7,USD,0.4494109073241887,5563757,0.8455107753991573,234398528326.092,USD,13.772086129660778,6.0049,USD,19.47672105053721,3.51269282157172,Energy minerals,Buy
RY,Royal Bank Of Canada,165.95,USD,0.030138637733564164,1150506,0.9417940735635157,232365191773.97888,USD,15.528563131414115,10.68675824,USD,26.4557125365949,2.73404771354236,Finance,Buy
LIN,Linde plc,499.19,USD,-0.4963323233934,2907030,0.9954485493841312,231321729868.89722,USD,34.197420070835015,14.5973,USD,7.1935789450494685,1.19598150215277,Process industries,Buy
INTC,Intel Corporation,45.58,USD,5.7540603248259785,96627371,1.2783411887616154,227672091939.42548,USD,,-0.0819,USD,98.1271438371827,0,Electronic technology,Neutral
GEV,GE Vernova Inc.,841.27,USD,-0.08669833729216368,1817256,0.8096047925416009,226747065623.61386,USD,47.29264810046884,17.7886,USD,216.20804891922637,0.148456057007126,Producer manufacturing,Buy
PEP,"PepsiCo, Inc.",163.92,USD,-0.6003274513370985,6855436,0.9800742209966983,224021116898.58176,USD,27.308166461200145,6.0026,USD,-13.603062884119923,3.4094354496392,Consumer non-durables,Buy
SAP,SAP SE,195.58,USD,-0.3820098813222635,3527626,1.2443134876506783,218745429853.9113,USD,29.296424452133795,6.6759,USD,168.36710082006755,0.970923954566291,Technology services,Buy
VZ,Verizon Communications Inc.,51.2,USD,0.6487124041674964,22815958,0.843172987301242,215945420465.84628,USD,12.610526834314426,4.0601,USD,-2.057702513629569,5.37644977393356,Communications,Buy
AXP,American Express Company,311.21,USD,1.1012929634201762,4055164,0.7908679296755523,213681152278.7264,USD,20.22880171601287,15.3845,USD,9.80457932452108,1.06555779351569,Finance,Buy
BHP,BHP Group Limited,78.13,USD,-0.2553300140431544,3444800,0.7827017283171138,206075904449.7686,USD,19.376999578383472,4.0321,USD,-9.901233464426177,2.77033065236819,Non-energy minerals,Neutral
AMGN,Amgen Inc.,379.27,USD,0.6021220159151145,2028431,0.7371693999858412,204452202023.7359,USD,26.64685383469634,14.2332,USD,88.61163749122088,2.56233421750663,Health technology,Buy
T,AT&T Inc.,28.98,USD,1.0812696198116452,42409291,1.1027587806568653,202876726301.79282,USD,9.503820548978453,3.0493,USD,104.37667560321717,3.87164283222881,Communications,Buy
MUFG,"Mitsubishi UFJ Financial Group, Inc.",17.6,USD,0.513992004568817,3540960,0.8374918073998736,196699486950,USD,15.550450609648351,1.1318,USD,3.4363004935112276,2.26134209023415,Finance,Buy
ABT,Abbott Laboratories,113.1,USD,-0.44890414576182125,4613851,0.5619704484617838,196531932671.96194,USD,30.4269457372683,3.7171,USD,-51.48782334055494,2.11249009770267,Health technology,Buy
C,"Citigroup, Inc.",111.32,USD,0.5055976886962694,13042188,0.8252775594896031,194734191465.9415,USD,15.974055791527952,6.9688,USD,17.25669672903486,2.13073311664861,Finance,Buy
KLAC,KLA Corporation,1475.91,USD,2.3977521073993255,798546,0.9207791568362674,193457282652.23004,USD,42.87631636284407,34.4225,USD,44.76434396067001,0.52728344954383,Electronic technology,Buy
NEE,"NextEra Energy, Inc.",92.6,USD,0.010800302408457613,9384334,0.7794927345830583,192934127036.90244,USD,28.058055328303485,3.3003,USD,-2.1669532222683396,2.50858624041473,Utilities,Buy
TMO,Thermo Fisher Scientific Inc,512.69,USD,0.903365479236377,1679238,0.9298343147167647,190456263922.43042,USD,29.622931496718127,17.3072,USD,8.536990699803722,0.338516040149577,Health technology,Strong buy
GILD,"Gilead Sciences, Inc.",148.22,USD,0.26381654603259574,6925216,0.9462990598740337,184003353565.56476,USD,21.85394335255002,6.7823,USD,1747.534731680741,2.13759047554624,Health technology,Buy
TXN,Texas Instruments Incorporated,202.39,USD,-0.13815562244042096,5451499,0.7774340689369305,183679188604.6359,USD,37.16715025526132,5.4454,USD,4.781696780773151,2.74337593131692,Electronic technology,Neutral
DIS,Walt Disney Company (The),103.04,USD,-0.2516940948693039,9672313,0.8839161078170948,182537415627.0529,USD,15.181294476448661,6.7873,USD,120.38119358399896,1.21006776379477,Consumer services,Strong buy
TJX,"TJX Companies, Inc. (The)",161.73,USD,1.2647924362907657,4741352,0.8679624518871281,179595861835.73074,USD,33.18355287455373,4.8738,USD,14.421880502406387,1.0644292780665,Retail trade,Buy
BA,Boeing Company (The),227.31,USD,1.4233446368017124,5068710,0.9700011187514259,178517246987.53348,USD,119.89556411203124,1.8959,USD,,0,Electronic technology,Buy
CRM,"Salesforce, Inc.",193.08,USD,-1.5149196633511852,11582696,0.775596104909442,178212842774.3247,USD,24.727216843399418,7.8084,USD,22.754283917623017,0.848763070645243,Technology services,Buy
ISRG,"Intuitive Surgical, Inc.",501.18,USD,0.7559004463029212,1501345,0.9113349786201145,177984183010.37518,USD,63.63301634057465,7.8761,USD,22.806935478841172,0,Health technology,Buy
BA/PA,"Boeing Company (The) Depositary Shares, each representing a 1/20th interest in a share of 6.00% Series A Mandatory Convertible Preferred Stock, par value $1.00",76.31,USD,6.118759560561822,293489,0.7216313857243423,176011989771,USD,40.25001318634949,1.8959,USD,,0,Electronic technology,No rating
ANET,"Arista Networks, Inc.",134.83,USD,8.210272873194237,6897639,0.8916034825853734,169418995135.2001,USD,48.96676956600691,2.7535,USD,23.697214734950578,0,Electronic technology,Strong buy
SCCO,Southern Copper Corporation,206.66,USD,0.20850506715803077,1729644,1.0106426801730342,169275840737.70654,USD,39.786685148819835,5.1942,USD,26.697075395760667,1.61463390389371,Non-energy minerals,Sell
SHOP,Shopify Inc.,129.65,USD,6.383851645195701,11457159,0.9298448417518481,169078030097.1183,USD,139.69536820154147,0.9280908999999999,USD,-38.12199967762586,0,Commercial services,Buy
SCHW,Charles Schwab Corporation (The),96.04,USD,0.8399832003360053,8268138,0.721833957755556,168282276044.273,USD,20.6089998068711,4.6601,USD,56.01272179444258,1.18647627047459,Finance,Buy
BCDRF,Banco Santander S.A.,11.418,USD,-1.5689655172413826,7566317,3.050708054350325,167545338257.71088,USD,10.59910693547596,1.077260572,USD,35.14419194916093,1.89665938182953,Finance,Buy
TD,Toronto Dominion Bank (The),98.73,USD,1.0335652885796205,1310683,0.5402959130311402,166803944904.1725,USD,10.919646815023047,9.04150122,USD,178.61071281530073,3.16616766467066,Finance,Buy
ADI,"Analog Devices, Inc.",341.51,USD,0.743384760612402,3202505,0.6350695801174372,166726598765.30167,USD,62.38309221101856,5.4744,USD,74.57746029721282,1.16817605239093,Electronic technology,Buy
DE,Deere & Company,614.04,USD,-0.8365362875876204,1073247,0.460961785656487,165856659786.28757,USD,34.61974324423371,17.7367,USD,-21.386148268311935,1.04647782694357,Producer manufacturing,Buy
TTE,TotalEnergies SE,76.92,USD,-1.8126116926219067,3826472,2.6493557999056705,164526599331.30746,USD,12.5664174123981,6.121076315999999,USD,-5.218861175914199,4.90455212922173,Energy minerals,Buy
SAN,"Banco Santander, S.A. Sponsored",11.57,USD,4.8957388939256665,26592734,1.4324466321163802,163698704191.75784,USD,11.145361718524226,1.0381,USD,24.63681114179374,1.67856754306437,Finance,Buy
APH,Amphenol Corporation,132.75,USD,2.4463651798116897,11544571,1.3196825268832317,163178272813.7521,USD,39.753840625280745,3.3393,USD,74.11231033943378,0.574934403457324,Electronic technology,Buy
APP,Applovin Corporation,482.81,USD,10.00706327325754,8394329,1.423311790577289,162841200151.07602,USD,51.102361371310025,9.4479,USD,108.07602519490815,0,Technology services,Strong buy
RIO,Rio Tinto Plc,96.25,USD,0.9862553771902189,3531030,1.0475143860683374,162067242997.362,USD,15.79007808911346,6.0956,USD,-13.847980326200638,3.88731507711678,Non-energy minerals,Buy
NVO,Novo Nordisk A/S,38.5,USD,5.019094380796519,26808022,0.7748237831548863,159461827477.065,USD,11.101499423298732,3.468,USD,5.64474365613671,3.35685761047463,Health technology,Buy
UNP,Union Pacific Corporation,266.7,USD,0.3235028588624788,2327653,0.7263842718105752,158257489122.84457,USD,22.25597289561306,11.9833,USD,8.078393881453152,2.06139030996088,Transportation,Buy
UBER,"Uber Technologies, Inc.",76.65,USD,0.3797799895233188,19818179,0.9562559092949908,157754590116.1426,USD,16.231153650686093,4.7224,USD,3.0281874509119624,0,Transportation,Strong buy
HON,Honeywell International Inc.,245.97,USD,0.8693869181874122,4775081,1.4354639866983585,156357145802.19345,USD,30.777027027027028,7.992,USD,-8.252878577414508,1.90280910395735,Electronic technology,Buy
LMT,Lockheed Martin Corporation,664.48,USD,-0.5001347668533485,1650886,0.935445921202476,152883713380.99008,USD,30.926760248724726,21.4856,USD,-3.520494306139306,1.99904165793178,Electronic technology,Neutral
PFE,"Pfizer, Inc.",26.62,USD,0.15048908954101844,30893489,0.8426766959745022,151368442495.47253,USD,19.644306693232974,1.3551,USD,-3.66131096260487,6.47103085026336,Health technology,Neutral
BUD,Anheuser-Busch Inbev SA Sponsored,75.59,USD,-1.2669801462904897,2043123,0.9145939729244554,151089318018.01953,USD,22.237585314191577,3.3992,USD,18.878086311813668,1.2548262800418,Consumer non-durables,Buy
UL,Unilever PLC,69.07,USD,-0.11569052783805132,2919711,0.7965704900842121,149827663728.75452,USD,22.155573376102645,3.1175,USD,11.842577312190583,3.32216919824425,Consumer non-durables,Buy
QCOM,QUALCOMM Incorporated,139.51,USD,0.9990588575979117,9309759,0.9743198127139302,148857175262.05096,USD,28.821998181968432,4.8404,USD,-48.266427258347235,2.54832404256859,Electronic technology,Buy
HDB,HDFC Bank Limited,30.79,USD,-0.1944894651539782,6116236,1.0306678240617477,147460987365.50153,USD,18.512506012506012,1.6632,USD,1.9492460463405696,1.03959805510535,Finance,Strong buy
RYCEY,Rolls Royce Holdings plc,18.535,USD,4.954699886749717,2872769,0.6831196571847519,146606975566.6565,USD,20.519207350824754,0.9033,USD,137.33578560168155,0.812750245197023,Electronic technology,Buy
SYK,Stryker Corporation,381.89,USD,-0.702046335058111,1661190,1.025745869992659,146144982503.3379,USD,45.47229796506435,8.3983,USD,8.172544372601058,0.884058347850958,Health technology,Buy
WELL,Welltower Inc.,206.85,USD,-0.5528846153846181,3085736,1.0171572452959292,145132520508,USD,,-0.7091,USD,-186.24422281683286,1.38942307692308,Finance,Strong buy
LOW,"Lowe's Companies, Inc.",258.62,USD,0.35700426852930384,2175270,0.6972509988203016,145073262082.18124,USD,21.830367694229665,11.8468,USD,-2.9762002260405267,1.84322856034148,Retail trade,Buy
DHR,Danaher Corporation,204.73,USD,0.3529238762805739,2958459,0.775104356272614,144772646343.38406,USD,40.53176535804082,5.0511,USD,-4.47814822519336,0.627420224498799,Health technology,Strong buy
SFTBY,Softbank Group Corp,12.43,USD,0.2419354838709626,2481107,1.2169867941290498,144455347752.8805,USD,7.077781573852636,1.7562,USD,1331.2958435207825,0.21858064516129,Communications,Buy
COP,ConocoPhillips,115.65,USD,-2.4215322308471063,10160634,1.066162112446578,141363514220.85852,USD,18.26552530166151,6.3316,USD,-18.867247565351107,2.73371582855214,Energy minerals,Buy
PDD,PDD Holdings Inc.,101.19,USD,0.47661602621388544,4413279,0.6398174595711815,140203068913,USD,10.579084379671933,9.5651,USD,-5.980242787634554,0,Retail trade,Buy
BX,Blackstone Inc.,114.14,USD,2.9029931482149287,8267756,0.7394616803369154,139508979990.71063,USD,29.51336815431556,3.8674,USD,6.707502138343958,4.27335016227912,Finance,Buy
ETN,"Eaton Corporation, PLC",354.46,USD,-0.3093711328608456,1792987,0.7372589483963103,137495030892.6431,USD,33.90826039125651,10.4535,USD,10.029892848872699,1.16998537518281,Producer manufacturing,Buy
SMFG,Sumitomo Mitsui Financial Group Inc Unsponsored,20.76,USD,0.3383276945384257,1343522,0.5164460681723018,134571197696.69849,USD,13.810537519957425,1.5032,USD,14.311787072243357,2.16734654422426,Finance,Strong buy
PLD,"Prologis, Inc.",139.42,USD,-1.1205673758865335,3018612,0.9935565549522867,134135699960,USD,39.19925773891528,3.5567,USD,-9.74904209698292,2.86524822695035,Finance,Buy
SPGI,S&P Global Inc.,445.5,USD,0.3400977499493211,2054802,0.7108567171224073,133115391633.64267,USD,30.38819123755994,14.6603,USD,18.706882591093116,0.867136647221784,Commercial services,Strong buy
SONY,Sony Group Corporation,21.99,USD,1.8999073215940694,6244848,0.9976850746466331,130447568502.28125,USD,,-0.2047,USD,-116.6598844306991,0.486872103799815,Electronic technology,Strong buy
CB,Chubb Limited,334.14,USD,-1.229677800768556,1531353,0.871939108836532,130366906642.03787,USD,13.949236035735158,23.954,USD,-1.9106819652260785,1.12917528820573,Finance,Buy
NEM,Newmont Corporation,119.37,USD,0.7171785352683164,7851800,0.769847954489728,129859547642.24748,USD,18.69245223927341,6.386,USD,118.61627469104106,0.843739453256834,Non-energy minerals,Buy
PANW,"Palo Alto Networks, Inc.",158.56,USD,1.582420398488051,9541855,0.588902089361566,129384956964.71725,USD,87.73793714032759,1.8072,USD,2.0959267837975206,0,Technology services,Strong buy
BTI,"British American Tobacco Industries, p.l.c.",61.01,USD,0.9932130441979828,5067460,0.9019897579433751,129279481411.16948,USD,13.295994420956283,4.5886,USD,172.04600699590912,5.10464989240192,Consumer non-durables,Neutral
ARM,Arm Holdings plc,124.11,USD,1.9635228393033197,2984491,0.7496111592308757,129266641296,USD,165.36975349766823,0.7505,USD,-0.9763821084575898,0,Electronic technology,Buy
ACN,Accenture plc,210,USD,0.052408404402312474,5549179,0.6447194469333717,129214419790.69987,USD,17.36197232005556,12.0954,USD,1.3906701873506753,2.96345704893039,Technology services,Buy
BMY,Bristol-Myers Squibb Company,62.33,USD,1.8131329630839588,12345037,0.9190083119344125,126933411672.99576,USD,18.021221846358458,3.4587,USD,,4.06729826853969,Health technology,Buy
GLW,Corning Incorporated,144.84,USD,-1.8499695059971468,12683877,0.8914671136883909,124265211884.84084,USD,78.76447876447877,1.8389,USD,214.9880095923262,0.758961848614217,Electronic technology,Buy
PGR,Progressive Corporation (The),211.4,USD,-0.9139910944457411,3300828,1.1158344139845102,123860610598.78041,USD,10.983701102007098,19.2467,USD,33.42599653379549,6.51511600656199,Finance,Buy
UBS,UBS Group AG Registered,39.76,USD,0.15113350125943364,2743718,1.0669535915758623,122925962160.56062,USD,16.11149700541732,2.46780296,USD,67.99765607947225,0,Finance,Neutral
MDT,Medtronic plc.,95.6,USD,-1.147761348361079,7236087,0.9376367734958927,122739405771.65132,USD,26.689000558347292,3.582,USD,8.87207075772773,2.92627442870437,Health technology,Buy
COF,Capital One Financial Corporation,195.83,USD,1.0839828627471342,4651216,0.7447009089572327,121792858545.3379,USD,66.40330948424943,2.9491,USD,-74.55127541334438,1.44531048366283,Finance,Buy
HCA,"HCA Healthcare, Inc.",544.41,USD,0.48172757475083317,930563,0.8332865452899753,121742163318.79236,USD,19.18003678102606,28.3842,USD,29.093026005803317,0.53156146179402,Health services,Buy
INTU,Intuit Inc.,440.14,USD,1.5668628129687234,4242193,0.7248404453912847,121720713341.56157,USD,28.556042872343188,15.4132,USD,44.03513690309316,1.03380639206184,Technology services,Buy
VRTX,Vertex Pharmaceuticals Incorporated,477.89,USD,0.7632783013895049,996319,0.8029508505612288,121400398610.40114,USD,31.163758249210947,15.3348,USD,,0,Health technology,Buy
BBVA,Banco Bilbao Vizcaya Argentaria S.A.,22.05,USD,5.603448275862077,2131503,0.9544123340258466,119433779854.71416,USD,10.658867888045632,2.0687,USD,10.779693691763963,3.21156130268199,Finance,Buy
NOW,"ServiceNow, Inc.",113.86,USD,0.5919250817210016,17432030,0.9512541166007658,119097562569.11777,USD,68.20005989817311,1.6695,USD,22.030553322125566,0,Technology services,Strong buy
ENB,Enbridge Inc,54.17,USD,-0.29449659488311536,4202184,0.7847222134038728,118189753411.76999,USD,23.012808707567615,2.3539065,USD,44.482969651754885,5.11103633916555,Industrial services,Buy
BYDDY,"BYD Co., Ltd.",12.3,USD,1.7369727047146473,1138109,0.6881529192968262,117476022695.3894,USD,20.654911838790934,0.5955,USD,10.461880912632166,1.21668532195312,Producer manufacturing,Strong buy
IBKR,"Interactive Brokers Group, Inc.",69.15,USD,-0.36023054755043227,4587338,1.0907964676682453,117288850777.8,USD,31.216143011917666,2.2152,USD,27.972270363951456,0.461095100864553,Finance,Strong buy
CEG,Constellation Energy Corporation,322.85,USD,-0.6217871764090196,2342496,0.6237749159560059,116868584821.96988,USD,43.633095469780514,7.3992,USD,-37.757514069163925,0.477483301012713,Utilities,Buy
AEM,Agnico Eagle Mines Limited,232.73,USD,-0.7632611291147964,1947978,0.8187510223995662,116604619729.56635,USD,25.801358281592336,9.020067759999998,USD,150.4414903244656,0.697912441102131,Non-energy minerals,Buy
CMCSA,Comcast Corporation,32.09,USD,3.482747500806197,28509095,1.1206255542206802,115454878553.931,USD,5.96934409762268,5.3758,USD,29.618556203886765,4.25669138987423,Consumer services,Neutral
CME,CME Group Inc.,320,USD,-1.5778304062990176,2559674,0.9880175647121022,114760156273.73666,USD,28.67383512544803,11.16,USD,15.378650814163874,1.53784639990158,Finance,Neutral
MO,"Altria Group, Inc.",68.12,USD,-1.1177239076789027,10640169,1.3809364593984896,113889695607.50937,USD,16.547234435348702,4.1167,USD,-37.13810163694112,6.03861228044709,Consumer non-durables,Neutral
GSK,GSK plc,56.83,USD,-0.420536183634137,3815317,0.7065584510295858,113607626858.54,USD,15.511217861236966,3.6638,USD,131.53437815975735,3.07245663220606,Health technology,Neutral
SNY,Sanofi,46.22,USD,-0.5379814934366258,4326832,0.9703453677799951,112302282077.87471,USD,19.35916230366492,2.3875,USD,-0.28400785198177736,3.44015493867011,Health technology,Buy
ADBE,Adobe Inc.,273.12,USD,0.7860068637219069,4329153,0.7946297263723439,112115755959.48897,USD,16.34910658166472,16.7055,USD,34.62623299593838,0,Technology services,Buy
SBUX,Starbucks Corporation,97.15,USD,0.4861398427803049,6233447,0.902840317641434,110683000092.63757,USD,80.93809880863118,1.2003,USD,-61.21057394002069,2.54447662391394,Consumer services,Buy
SPOT,Spotify Technology S.A.,534.09,USD,2.717516732056311,3473037,1.2487544050214279,109933103151.4849,USD,55.352423592326595,9.6489,USD,61.086161705537656,0,Technology services,Buy
SO,Southern Company (The),97.63,USD,0.8678582498191849,5947199,0.7677274001338145,109286167341.59364,USD,24.93869418616532,3.9148,USD,-1.8773341353986506,3.05816716602955,Utilities,Neutral
BSX,Boston Scientific Corporation,72.21,USD,-2.2207176709546386,15541710,1.1493105202498988,107151369600.47487,USD,37.23700495049505,1.9392,USD,55.44689378757515,0,Health technology,Strong buy
BN,Brookfield Corporation,43.19,USD,0.4418604651162738,3879167,0.5766485440228797,106975449785.66519,USD,87.73761678711713,0.4922632,USD,153.90476750477492,0.567057326182673,Finance,Buy
IBN,ICICI Bank Limited,29.55,USD,-0.1689189189189213,3932942,0.9575442525632356,106882502257.90579,USD,17.566282249435265,1.6822,USD,4.816499470371982,0.71577027027027,Finance,Strong buy
MHVIY,Mitsubishi Heavy Industries Ltd.,30.99,USD,1.4402618657937734,330846,0.2302519265606829,104891995060.06229,USD,54.99556344276841,0.5635,USD,11.9388160508542,0.258907096815573,Producer manufacturing,No rating
HWM,Howmet Aerospace Inc.,260.09,USD,0.482923813939113,1511733,0.6325350923369358,104280499634.25507,USD,70.02584675030961,3.7142,USD,32.1074159701227,0.177715963529594,Electronic technology,Strong buy
PBR.A,Petroleo Brasileiro S.A. Petrobras,15.49,USD,-0.6414368184733782,9096089,0.8238051977704984,103585743598.69489,USD,7.229871645274212,2.1425,USD,-15.669526883413361,7.14348300192431,Energy minerals,Strong buy
PBR,Petroleo Brasileiro S.A. Petrobras,16.77,USD,-1.120283018867932,19688327,0.7753584817567378,103585743598.69489,USD,7.828035289175185,2.1423,USD,-15.670760510155876,6.26971698113208,Energy minerals,Buy
CRWD,"CrowdStrike Holdings, Inc.",407.68,USD,4.154105564355421,8352286,1.3083977019357795,102775493281.75606,USD,,-1.2634,USD,-349.48657187993683,0,Technology services,Buy
DUK,Duke Energy Corporation (Holding Company),131.88,USD,0.34238758274365716,3702772,0.8291633381273854,102559232370.7957,USD,20.89254313007937,6.3123,USD,11.096835509873625,3.22605189074032,Utilities,Buy
CVS,CVS Health Corporation,80.57,USD,0.09939122872406299,6804710,0.8085544884505099,102502052184.83052,USD,58.23214801965886,1.3836,USD,-62.16777862845893,3.30475835507517,Retail trade,Buy
BP,BP p.l.c.,38.84,USD,-0.05146680391146686,7551114,0.7707098742152294,101195799080.20998,USD,,-0.0106,USD,-112.35431235431234,5.03757076685538,Energy minerals,Neutral
GD,General Dynamics Corporation,366.12,USD,0.3893611187277258,1262954,1.1044987443849323,98995094918.63724,USD,23.685436290239107,15.4576,USD,13.36208160990348,1.64518782561009,Electronic technology,Buy
TT,Trane Technologies plc,445.05,USD,-0.1749545790996507,846179,0.6696060320798469,98503763214.03877,USD,34.28815766157924,12.9797,USD,15.393574082964372,0.84337079155732,Producer manufacturing,Buy
WM,"Waste Management, Inc.",243.95,USD,0.20949720670390687,2413104,1.0411471402391939,98393765716.3687,USD,36.41805750455319,6.6986,USD,-1.6040424219277947,1.3555701610253,Industrial services,Buy
DELL,Dell Technologies Inc.,147.1,USD,1.3224962115993852,8505495,0.7306315438291822,97481637324.99655,USD,16.87332958625357,8.7179,USD,40.20875550837916,1.44648023143684,Electronic technology,Buy
VRT,"Vertiv Holdings, LLC",251.28,USD,2.7982326951399132,4298543,0.7540341123128583,96139347070.86893,USD,73.68050668543279,3.4104,USD,164.88543689320386,0.0715922107674685,Electronic technology,Buy
FCX,"Freeport-McMoRan, Inc.",65.93,USD,0.5490315693152564,17438540,0.991037193500493,94754705013.24907,USD,43.54689564068693,1.514,USD,16.820987654320984,0.915052615525393,Non-energy minerals,Buy
ICE,Intercontinental Exchange Inc.,166.29,USD,0.9163733462798828,2840396,0.7221954304166495,94435505687.05292,USD,28.81676082209822,5.7706,USD,20.68850127577698,1.16518995023668,Finance,Strong buy
UPS,"United Parcel Service, Inc.",110.5,USD,-2.411021814006892,11433908,2.463020786391091,93825742616.24568,USD,16.852476017630284,6.5569,USD,-2.9757324652264026,5.79351761900556,Transportation,Buy
CM,Canadian Imperial Bank of Commerce,101.18,USD,0.7367582636399931,870684,0.713121571566345,93754462157.24136,USD,14.377086367555625,7.0375872699999995,USD,32.88542050130368,2.89876183539694,Finance,Buy
WMB,"Williams Companies, Inc. (The)",75.77,USD,-0.1449657353716387,5518240,0.8093175946924568,92557833520.72562,USD,35.496111683687815,2.1346,USD,17.479361585030265,2.63574064312072,Industrial services,Buy
CNQ,Canadian Natural Resources Limited,44.18,USD,0.11330160888283969,8733326,0.9733934672544794,92031665256.6756,USD,19.473394969992988,2.2687364,USD,-12.851640576500186,3.89330682571239,Energy minerals,Buy
BNS,Bank Nova Scotia Halifax Pfd 3,74.38,USD,1.2523822488429102,1351945,0.6096528751443249,91675880420.18794,USD,15.115429921499544,4.9207995,USD,47.001336964270735,4.34046789447486,Finance,Neutral
FDX,FedEx Corporation,384.09,USD,0.40781115206650526,1913744,1.2141220650271543,90308322874.89922,USD,21.187197987687828,18.1284,USD,15.565415288110303,1.49792173162889,Transportation,Buy
MRSH,Marsh,184.84,USD,0.3311078543125515,2156226,0.7092686299024207,89485521902.75743,USD,21.942070275403612,8.424,USD,2.985403066089627,1.90794116050589,Finance,Neutral
NGG,"National Grid Transco, PLC National Grid PLC (NEW)",90.43,USD,-0.3416354419219617,1128348,0.907105729074006,89330210512.5245,USD,24.04349791284465,3.7611,USD,38.704086148399476,3.40555433105576,Utilities,Buy
MAR,Marriott International,335.94,USD,0.008930963650969818,1360179,0.7189631167601019,89018913420.82985,USD,35.37849109061039,9.4956,USD,14.139410767732855,0.797832752820696,Consumer services,Buy
AMT,American Tower Corporation (REIT),190.8,USD,0.28909329829172736,2457262,0.7946987184043919,88672634789,USD,35.3542840201601,5.3968,USD,12.073763342609118,3.5742444152431,Finance,Buy
WDC,Western Digital Corporation,261.3,USD,4.265591955628266,9724755,0.9791993978814145,88590612200.34795,USD,26.233096067545457,9.9607,USD,137.6234553175247,0.129683572084115,Electronic technology,Buy
SNDK,Sandisk Corporation,599.06,USD,5.951433473054948,15613636,0.7460247537968941,88421831335.35501,USD,,-7.5894,USD,-338.19597012114747,0,Electronic technology,Buy
ADP,"Automatic Data Processing, Inc.",217.16,USD,0.41152263374484965,4230456,1.0187551878970866,87438254998.09053,USD,20.863917605011338,10.4084,USD,8.587107341449931,2.92227308457021,Technology services,Neutral
NKE,"Nike, Inc.",58.64,USD,-1.2628388617612392,15970498,1.010263878706175,86809693732.31184,USD,34.384895039286974,1.7054,USD,-47.31541550818659,2.71089408991413,Consumer non-durables,Buy
PNC,"PNC Financial Services Group, Inc. (The)",213.86,USD,0.38019244308847794,1768276,0.6713381930176463,86264910713.02306,USD,12.880649513346825,16.6032,USD,20.75581479919125,3.14480168974419,Finance,Buy
SHW,Sherwin-Williams Company (The),347.67,USD,-0.3325402058309114,1277657,0.7991901117521415,86143849236.64682,USD,33.88266250852744,10.261,USD,-2.713516383495154,0.905885388298025,Process industries,Buy
JCI,Johnson Controls International plc,140,USD,0.30090270812436415,3194989,0.6722674700350179,85689263819.45837,USD,26.33658151171978,5.3158,USD,102.98610050404768,1.08181687920906,Producer manufacturing,Buy
PWR,"Quanta Services, Inc.",568.38,USD,0.4204946996466423,1056363,0.8841042218292176,85040683258.37279,USD,83.65911098027672,6.794,USD,12.823408283237567,0.0724381625441696,Industrial services,Buy
MMM,3M Company,160.89,USD,1.5206966178697607,3866041,1.1004227588125755,84740762679.19461,USD,26.83557394002068,5.9954,USD,-20.570739656337352,1.87405350832913,Producer manufacturing,Buy
USB,U.S. Bancorp,54.34,USD,0.6482681978144127,6987617,0.7333545011669246,84427832439.17911,USD,11.767508337303479,4.6178,USD,21.938209664642198,3.77847749583256,Finance,Buy
ECL,Ecolab Inc.,297.88,USD,-0.19433089861287414,884309,0.6819864103849054,83993057928.57764,USD,40.90971516466614,7.2814,USD,-1.2383522997002505,0.897942772900891,Process industries,Buy
KKR,KKR & Co. Inc.,93.83,USD,3.622308117062398,8928958,0.7614716425910073,83654224077.42992,USD,40.32057066735421,2.3271,USD,-28.804381080584957,0.817228050800663,Finance,Strong buy
MCO,Moody's Corporation,471.01,USD,1.4451863019599351,1395078,0.8211360249667901,83510072242.20445,USD,34.438863176058554,13.6767,USD,21.43573806881244,0.809821236269653,Commercial services,Buy
CDNS,"Cadence Design Systems, Inc.",305.43,USD,1.5966470412134555,2829538,0.9397902616916209,83275796580.94553,USD,75.28469312299728,4.057,USD,5.269986247697151,0,Technology services,Strong buy
ITW,Illinois Tool Works Inc.,287.17,USD,0.41611301489614577,808178,0.5292144892944434,82762400684.70064,USD,27.37194273404884,10.4914,USD,-10.436319244658057,2.17497727113784,Producer manufacturing,Sell
SNPS,"Synopsys, Inc.",430.98,USD,1.5695701357466123,2482271,0.8927917668984566,82559403811.68977,USD,66.60279095643574,6.4709,USD,-52.15246968352558,0,Technology services,Buy
ABNB,"Airbnb, Inc.",135.54,USD,1.87913409500902,4252523,0.7351336256530357,82505085392.46242,USD,33.53290450272142,4.042,USD,-2.2325423892799225,0,Consumer services,Buy
STX,Seagate Technology Holdings PLC,375.01,USD,4.862703428219895,3774219,1.0822881547452643,81779576769.65282,USD,42.408992728465286,8.8427,USD,61.841575460302366,0.810916615401823,Electronic technology,Buy
EMR,Emerson Electric Company,145.21,USD,-0.9278842873712119,2660133,0.9538479367740876,81651886647.11816,USD,35.46464769813164,4.0945,USD,-2.625508335513336,1.47710991335198,Electronic technology,Buy
BK,The Bank of New York Mellon Corporation,118.39,USD,0.3730394234845254,2425737,0.6651358292377756,81322958900.57863,USD,15.96929966547966,7.4136,USD,27.668807797620076,1.74650275540483,Finance,Buy
EQNR,Equinor ASA,31.58,USD,1.0559999999999947,6158018,0.9256472070879296,80915976303.64925,USD,16.547893523370362,1.9084,USD,-38.39498999289818,3.488,Energy minerals,Neutral
EPD,Enterprise Products Partners L.P.,37.17,USD,-0.561797752808991,4235978,1.048029206221872,80352649083.16853,USD,14.035948946454196,2.6482,USD,-1.553903345724901,5.81861958266453,Industrial services,Buy
CTAS,Cintas Corporation,200.12,USD,-0.7095013644257042,1398067,0.8044303691859244,80025917657.07545,USD,43.253290682343795,4.6267,USD,11.653554708238813,0.863309352517986,Commercial services,Buy
CSX,CSX Corporation,42.78,USD,0.28129395218003883,8559251,0.7198543506291324,79551838023.72574,USD,27.7252106286455,1.543,USD,-13.89028405602992,1.24238162212846,Transportation,Buy
CMI,Cummins Inc.,574.06,USD,2.494241996821924,1086375,1.126124842062643,79315271391.87291,USD,27.986680902305487,20.5119,USD,-27.18090903604406,1.39620418147084,Producer manufacturing,Buy
MSI,"Motorola Solutions, Inc.",478.21,USD,-0.4185581608429569,736590,0.6930015862293466,79219745175.04633,USD,37.484029252921765,12.7577,USD,38.3698481561822,0.932905751530548,Electronic technology,Buy
ORLY,"O'Reilly Automotive, Inc.",94.27,USD,0.42612123149034997,6029480,0.9424899170282557,79044177511.03429,USD,31.77818978594303,2.9665,USD,9.428603046958568,0,Retail trade,Buy
B,Barrick Mining Corporation,46.77,USD,0.9061488673139195,9172243,0.6037700345364161,78356602698.38106,USD,15.649819871476735,2.9885327999999998,USD,154.76369854316746,1.83287993680885,Non-energy minerals,Buy
CP,Canadian Pacific Kansas City Limited,86.81,USD,-1.10503531556163,3188726,1.0298479721410099,77951812151.69937,USD,26.394136078545642,3.28898812,USD,18.99829083971874,0.728636932055023,Transportation,Strong buy
BCS,Barclays PLC,23.34,USD,1.1703511053315976,8822415,0.9714697747597686,77730321341.885,USD,9.980756895445799,2.3385,USD,24.150562752176675,1.98002600780234,Finance,Buy
RCL,Royal Caribbean Cruises Ltd.,287.21,USD,-4.679565895589268,2075929,0.8021546239149483,77698438247.4957,USD,18.464159434265508,15.555,USD,47.53725185192209,1.16159437124556,Consumer services,Buy
DASH,"DoorDash, Inc.",177.75,USD,1.3051407728257107,3087300,0.38933870002717413,77219287006.94318,USD,83.58805549024218,2.1265,USD,702.4528301886792,0,Transportation,Buy
MNST,Monster Beverage Corporation,78.61,USD,-0.48107355361437587,6062316,0.799555543093472,76901861731.31119,USD,40.60853393945656,1.9358,USD,30.46232645909152,0,Consumer non-durables,Buy
CL,Colgate-Palmolive Company,95.28,USD,-0.24081248036855193,5796570,0.9476937721796536,76371492635.94093,USD,36.346990157930875,2.6214,USD,-25.358769931662874,2.17778243115904,Consumer non-durables,Buy
BAM,Brookfield Asset Management Inc,46.61,USD,0.0858922052823688,3852405,0.9263722129095106,76342561087.42378,USD,29.985543378318386,1.5544157199999997,USD,25.007892933334414,3.92432275298554,Finance,Buy
CRH,CRH PLC,113.26,USD,-0.25539409951562486,5139876,0.8973936702084948,75686086900.6901,USD,20.51365645149605,5.5212,USD,9.628099994043257,1.3033905768384,Non-energy minerals,Buy
KMI,"Kinder Morgan, Inc.",33.92,USD,-0.1177856301531188,11345967,0.8458278495570994,75465430934.53947,USD,24.817091015510684,1.3668,USD,16.82051282051283,3.4452296819788,Industrial services,Buy
ING,"ING Group, N.V.",27.25,USD,1.4897579143389146,2483903,0.8673444998172185,75283626291.13937,USD,12.233445566778899,2.2275,USD,,3.82087895716946,Finance,Buy
MDLZ,"Mondelez International, Inc.",58.69,USD,-0.1361238727241882,11608751,1.2678778128386323,75231517737.71736,USD,31.061127282349826,1.8895,USD,-44.82889511796309,3.30100391356134,Consumer non-durables,Buy
CI,The Cigna Group,284.74,USD,0.2852815834888889,1422117,0.8456362190326757,75037043300.22661,USD,12.833699164822486,22.1869,USD,81.33663528180986,2.12728489416405,Health services,Strong buy
AMX,"America Movil, S.A.B. de C.V.",25.11,USD,2.364451691805945,894006,0.24931742840113094,74844340356.757,USD,17.523902575197152,1.4329,USD,189.2994144962649,2.28084794129637,Communications,Buy
HOOD,"Robinhood Markets, Inc.",82.21,USD,8.071513080057843,38492830,1.4631568369464816,74014350181.36165,USD,39.92521004322276,2.0591,USD,31.83302388117036,0,Finance,Buy
AON,Aon plc,341.18,USD,0.6222903825168885,2026515,1.4863639494169116,73099352347.60138,USD,20.03817578480604,17.0265,USD,34.49689558746859,0.878874568673135,Finance,Buy
NU,Nu Holdings Ltd.,15,USD,1.6260162601626031,73352292,0.9836660430923936,72835106570.12195,USD,25.645409471704564,0.5849,USD,45.02851475328539,0,Finance,Buy
AEP,"American Electric Power Company, Inc.",133.52,USD,1.2128562765312485,4758609,1.4146859980361035,72215827976.95514,USD,20.048349074310426,6.6599,USD,19.18857490559623,2.85021224984839,Utilities,Buy
COR,"Cencora, Inc.",368.19,USD,-0.8749730777514538,786239,0.7891199190002863,71624253537.21492,USD,44.28554245850373,8.314,USD,18.288137040093336,0.619211716562567,Distribution services,Buy
SLB,SLB Limited,47.89,USD,-1.420337587484557,19906697,1.3163299949540685,71611430291.46872,USD,20.276907443475313,2.3618,USD,-24.00900900900901,2.36722931247427,Industrial services,Buy
RSG,"Republic Services, Inc.",231.57,USD,-0.30137340164464504,985236,0.681750903743639,71509966402.51257,USD,33.767881359639524,6.8577,USD,5.664011340349153,1.0375855685194,Industrial services,Buy
NSC,Norfolk Southern Corporation,317.83,USD,0.17966336758494394,2111678,1.4214815927760491,71375732634.88338,USD,24.946234871199156,12.7406,USD,10.153723781362938,1.70207400869949,Transportation,Neutral
GM,General Motors Company,78.6,USD,1.721237220137179,8510629,1.0170203887359752,71051873499.78775,USD,26.107752607453662,3.0106,USD,-50.998551408714334,0.737673094344506,Consumer durables,Buy
HLT,Hilton Worldwide Holdings Inc.,304.91,USD,-0.33666732038961,1886015,1.0683959437078778,69913305582.07535,USD,49.846329900277915,6.117,USD,-0.4426939227238643,0.196116885663856,Consumer services,Buy
WPM,Wheaton Precious Metals Corp,153.95,USD,1.7245936302365439,1988962,0.9872139208855771,69896054370.93036,USD,69.71939968222989,2.2081372,USD,63.6167178494722,0.447368421052632,Non-energy minerals,Strong buy
WBD,"Warner Bros. Discovery, Inc. - Series A",27.95,USD,-0.8865248226950355,37695907,1.321060863974745,69314029817.38477,USD,97.25121781489214,0.2874,USD,,0,Consumer services,Neutral
CVNA,Carvana Co.,316.26,USD,-0.8558262014483269,2930880,0.49780969204666436,69211982747.763,USD,32.308352402745996,9.7888,USD,522.5783883482796,0,Retail trade,Buy
ROST,"Ross Stores, Inc.",213.52,USD,8.034810767051216,7735673,2.891673899895109,69061964718.19594,USD,33.36667083385423,6.3992,USD,0.7161181673670545,0.819672131147541,Retail trade,Buy
LHX,"L3Harris Technologies, Inc.",368.75,USD,0.20380434782608695,967845,0.6579005058420113,68873746013.28125,USD,43.22876368666619,8.5302,USD,8.252642800035542,1.30434782608696,Electronic technology,Buy
EOG,"EOG Resources, Inc.",127.82,USD,-0.14842590422623056,5115104,0.7984685949096048,68574342647.312096,USD,14.025347012673505,9.1135,USD,-18.849729306168964,3.11694398875088,Energy minerals,Buy
SU,Suncor Energy Inc.,57.34,USD,0.35001750087504874,5744353,0.9973965625374446,68231261765.91755,USD,18.684804808961722,3.0688037999999995,USD,-33.38633354751897,2.95736781462041,Energy minerals,Buy
MRVL,"Marvell Technology, Inc.",78.09,USD,0.7482905431557196,14676831,1.2449134981696837,68207699034.84453,USD,27.3433943765538,2.8559,USD,,0.309637466133402,Electronic technology,Buy
VALE,VALE S.A.,16.06,USD,0.5635566687539015,37487874,1.3761255539357138,68194461523.67539,USD,29.801447392837257,0.5389,USD,-62.09734139822759,7.93482154038823,Non-energy minerals,Buy
CNI,Canadian National Railway Company,110.79,USD,-0.3507825148407992,1199985,0.6922678597821614,67737007344.4999,USD,20.09778848463368,5.51254682,USD,13.153657443175245,2.33629483382692,Transportation,Buy
TRV,"The Travelers Companies, Inc.",312.03,USD,0.3408688941055232,1315773,0.873707498268054,67472712133.66809,USD,11.332493163023305,27.5341,USD,28.23556807861584,1.39884876354632,Finance,Buy
VLO,Valero Energy Corporation,225.6,USD,3.624087088328504,4221400,1.4753205337784885,67460316093.94515,USD,29.50060805774587,7.6473,USD,-9.890770264060238,2.10830921868541,Energy minerals,Buy
TRP,TC Energy Corporation,64.2,USD,-0.910634357153887,2030172,0.9566023909452579,66832201150.02368,USD,26.975061253347235,2.3799760599999997,USD,-22.64965039792834,3.83530738860688,Industrial services,Buy
PSX,Phillips 66,164.72,USD,3.0917511578420314,2823384,1.0238822968935328,66010554231.52084,USD,15.20328579999077,10.8345,USD,119.73999107613677,3.0479409187633,Energy minerals,Buy
SPG,"Simon Property Group, Inc.",203.1,USD,0.5694478831393939,1121746,0.7886919001633075,65929013364,USD,35.97300696080341,5.6459,USD,-25.18221091410246,4.2337212181233,Finance,Buy
PCAR,PACCAR Inc.,124.92,USD,3.0778117006353694,4848032,1.400915946782769,65694730917.74437,USD,27.697219635492882,4.5102,USD,-42.94424976913053,1.08919877877713,Producer manufacturing,Buy
NET,"Cloudflare, Inc.",185.89,USD,3.9014029400257053,2744319,0.6104116696966836,65460064430.9597,USD,,-0.2945,USD,-27.26879861711322,0,Technology services,Buy
MPC,Marathon Petroleum Corporation,220.77,USD,4.146617605434485,3440376,1.396199886214029,65069780019.18258,USD,16.5561771631695,13.3346,USD,34.14280828119027,1.80205679781111,Energy minerals,Buy
ET,Energy Transfer LP,18.76,USD,-0.5302226935312719,10778287,0.737348926167246,64540301229.552505,USD,15.527230590961763,1.2082,USD,-6.020535158680781,7.0254506892895,Industrial services,Buy
ELV,"Elevance Health, Inc.",291.45,USD,2.6124000985811415,2344199,1.0287089885384164,64324374669.712006,USD,11.607484228636972,25.1088,USD,-1.9639384970989942,2.40819631729043,Health services,Buy
APO,"Apollo Global Management, Inc. (New)",109.79,USD,2.5308180799402393,4919950,0.6075016823460698,63485773738.953125,USD,20.07129798903108,5.47,USD,-24.35870842840351,1.9051176690325,Finance,Buy
NTDOY,"Nintendo Co., Ltd.",14.14,USD,5.365126676602091,4828930,2.1294714477352485,63380360965.50539,USD,24.634146341463417,0.574,USD,26.991150442477863,1.0406259314456,Consumer durables,Buy
DB,Deutsche Bank AG,33.36,USD,0.9379727685325334,3044437,0.900001457414683,62492588687.87138,USD,8.693478867645567,3.8373590719999995,USD,100.8129035318652,2.42943908538764,Finance,Neutral
NWG,NatWest Group plc,16.12,USD,1.0025062656641612,5284943,1.3233103366975991,62346494068.913506,USD,9.07044789556606,1.7772,USD,30.628445424476286,3.94549498746867,Finance,Buy
RELX,RELX PLC PLC,34.18,USD,-2.175157412707493,3461698,0.615142020020799,62337523546.13,USD,23.130540705149894,1.4777,USD,12.236062585447366,2.47977676016027,Commercial services,Strong buy
SRE,DBA Sempra,95.39,USD,0.03145973154362535,2470353,0.7010807445889338,62316772476.68488,USD,34.7099919947602,2.7482,USD,-37.795382526029876,2.70553691275168,Utilities,Buy
O,Realty Income Corporation,66,USD,-0.8413461538461573,7227199,1.0377032570593863,62063216474,USD,56.73027333677153,1.1634,USD,19.04225928578738,4.84224759615385,Finance,Neutral
TFC,Truist Financial Corporation,49.11,USD,-0.3853955375253504,5166834,0.6698133478630589,61346655981.0286,USD,12.854338437377306,3.8205,USD,14.753852161114953,4.21906693711968,Finance,Buy
TEL,TE Connectivity plc,209.02,USD,2.3053203465322345,1920407,0.764275511323287,61333635745.02267,USD,30.14247808029534,6.9344,USD,10.691823899371077,1.39004454015956,Electronic technology,Buy
FTNT,"Fortinet, Inc.",82.79,USD,2.0838471023428013,6280667,0.934834126538202,61258272365.4042,USD,34.11910158664744,2.4265,USD,7.367256637168146,0,Technology services,Neutral
DLR,"Digital Realty Trust, Inc.",182.62,USD,2.520630999831589,1840593,1.014427846684901,61208221430,USD,50.768674765783544,3.5971,USD,121.2102576717299,2.7395722225341,Finance,Buy
APD,"Air Products and Chemicals, Inc.",274.2,USD,0.4248461763844008,1175242,0.7346508192295357,61052282901.58145,USD,,-1.5006,USD,-108.71504486453523,2.62232639906241,Process industries,Buy
BKR,Baker Hughes Company,60.88,USD,-2.6543012472017855,11953655,1.5305025712967635,60163839684.34538,USD,23.370441458733207,2.605,USD,-12.542805344792859,1.47105852254557,Industrial services,Buy
MPLX,MPLX LP,58.9,USD,-0.18640908320623528,1178816,0.8251616281251137,59795530665.86342,USD,12.226004649618067,4.8176,USD,14.386114870479833,6.89035756651415,Industrial services,Buy
MFC,Manulife Financial Corporation,34.82,USD,1.4568764568764567,2132353,0.49721996984249184,58384194621.72622,USD,15.521321102104375,2.24336574,USD,13.227023072864224,3.84861407249467,Finance,Buy
AFL,AFLAC Incorporated,112.48,USD,0.04447211598327595,1833045,0.829024929158099,58081235421.36014,USD,16.33577808438022,6.8855,USD,-28.32979432092597,2.09018945121409,Finance,Neutral
AU,AngloGold Ashanti PLC,113.14,USD,-1.5489035851026811,2968008,0.9789350758682539,58021664964,USD,21.76397037607002,5.1985,USD,5513.930885529157,0.792116254785938,Non-energy minerals,Buy
AJG,Arthur J. Gallagher & Co.,225.58,USD,0.15539670558985158,3109673,1.2803183790831785,57996618276.428894,USD,39.24700314908572,5.7477,USD,-11.926141587496165,1.15437552723882,Finance,Buy
SNOW,Snowflake Inc.,168.26,USD,1.489836540201459,3841205,0.4475189318017081,57578571721.91785,USD,,-3.9518,USD,-2.261670634509889,0,Technology services,Strong buy
TAK,Takeda Pharmaceutical Company Limited,18.22,USD,0.7743362831858439,2766992,1.043068879612615,57543605359.870094,USD,75.6958869962609,0.2407,USD,-43.404655537267814,3.3039435840708,Health technology,Buy
LSEGY,London Stock Exchange Group plc,29.18,USD,2.027972027972022,8466285,4.140020602584017,57531689856.2,USD,37.386290839205635,0.7805,USD,90.83129584352079,1.27346084877466,Commercial services,Strong buy
INFY,Infosys Limited,14.33,USD,0.7735583684950733,20009627,1.0844961849520505,56758661018.46869,USD,18.495095508518325,0.7748,USD,-2.761044176706816,3.08978199718706,Technology services,Buy
MDLN,Medline Inc.,42.88,USD,-3.4016670421266006,4952619,1.589660576061818,56331174833.16422,USD,29.660372138064606,1.4457,USD,-3.6456944814716055,0,Health technology,Buy
ALL,Allstate Corporation (The),214.18,USD,0.2668414400074871,1232872,0.7577762802339874,55587390258.57131,USD,5.6088765748614025,38.1859,USD,124.78293373518797,1.87257150882449,Finance,Buy
COIN,"Coinbase Global, Inc. - 3",208.93,USD,14.570081158148712,27199671,2.0650254152281096,55173166976.63,USD,47.59550766567191,4.3897,USD,-53.74881466652618,0,Finance,Buy
VST,Vistra Corp.,163.36,USD,1.0265924551638992,4675495,0.9540078554586469,55044845919.335075,USD,74.6242748161345,2.1891,USD,-69.02626068255137,0.557513914656772,Utilities,Strong buy
D,"Dominion Energy, Inc.",62.57,USD,-0.17549457562220713,4959669,0.6481827376267119,54985618045.63162,USD,18.229227362778232,3.4324,USD,27.074154973899528,4.25973197192087,Utilities,Neutral
NXPI,NXP Semiconductors N.V.,216.37,USD,0.5203252032520346,2372355,1.0055542199152,54675149915.445206,USD,27.228339520543635,7.9465,USD,-18.29379890393493,1.88432055749129,Electronic technology,Strong buy
ADSK,"Autodesk, Inc.",257.89,USD,1.7719021310181455,2657032,1.0267070054230885,54672678683.07159,USD,49.26359624825689,5.2349,USD,2.156350011708689,0,Technology services,Strong buy
TGT,Target Corporation,120.08,USD,-0.5960264900662242,9496020,1.411191551700222,54372993463.29603,USD,14.759821033482472,8.1356,USD,-8.165707190427812,3.75827814569536,Retail trade,Neutral
AME,"AMETEK, Inc.",234.75,USD,-0.21253985122210414,1689807,1.352697041625881,53752398491.31456,USD,36.67395719418841,6.401,USD,7.991834393400031,0.527098831030818,Producer manufacturing,Buy
PSA,Public Storage,310.76,USD,1.5091134774939585,949906,0.8184631858894011,53729548542,USD,34.474113353227644,9.0143,USD,-15.261614243546598,3.91977526621807,Finance,Buy
OKE,"ONEOK, Inc.",84.76,USD,-0.023590469450337367,3949078,0.6731465988708304,53380459741.57397,USD,15.661203599342217,5.4121,USD,4.583663452433856,4.90681764567115,Industrial services,Buy
FAST,Fastenal Company,46.43,USD,0.4326195111399586,9006480,1.2519351243039627,53316891318.96799,USD,42.43670596837583,1.0941,USD,9.213415851467364,1.94678780012979,Distribution services,Neutral
ZTS,Zoetis Inc.,125.96,USD,0.023822758675444235,5413745,1.3296589234742298,53171207244.51266,USD,20.91733368760171,6.0218,USD,10.172344396062792,1.61200667037243,Health technology,Buy
OXY,Occidental Petroleum Corporation,53.61,USD,-0.13040238450074568,15074307,0.8409932417744626,52873752810.49795,USD,33.119169704083525,1.6187,USD,-33.909031520496484,1.78837555886736,Energy minerals,Neutral
CAH,"Cardinal Health, Inc.",223.18,USD,-1.4004859730505799,1701689,1.210576854946962,52517828420.70855,USD,32.11823794378805,6.9487,USD,29.710104347501442,0.900242986525293,Distribution services,Buy
CTVA,"Corteva, Inc.",78,USD,-1.1782592170277546,4584816,1.0781135805906372,52456871174.83846,USD,49.25486233897449,1.5836,USD,23.074531747882176,0.886861776257443,Process industries,Buy
CCJ,Cameco Corporation,120.24,USD,2.0799728330078855,2855086,0.7997117651115342,52353358971.78437,USD,121.96740483996363,0.9858371599999999,USD,259.5222655073598,0.149049807477332,Non-energy minerals,Strong buy
LNG,"Cheniere Energy, Inc.",248.98,USD,1.18259031982769,2897068,1.0435390509838447,52336318632.90633,USD,10.23324633690224,24.3305,USD,70.75113515941358,0.857479578981591,Industrial services,Strong buy
TRGP,"Targa Resources, Inc.",243.05,USD,-0.40567120144237856,988814,0.5444447680771357,52244032941.34466,USD,28.553806390977442,8.512,USD,47.942157953281445,1.63907556138338,Utilities,Strong buy
SE,Sea Limited,88.26,USD,0.5010248235026327,12026334,1.4495012653676493,51991190423,USD,37.746984860148835,2.3382,USD,1295.9402985074628,0,Retail trade,Strong buy
XEL,Xcel Energy Inc.,83.04,USD,-0.1563063604665089,4729928,1.0088048677431356,51806730909.74919,USD,24.262256763863732,3.4226,USD,-0.28841951930080173,2.74137309125887,Utilities,Strong buy
KEYS,Keysight Technologies Inc.,300.92,USD,-0.5354663846103009,1835397,0.7156023438763791,51613126166.960266,USD,54.285353489798496,5.5433,USD,58.733749498883235,0,Electronic technology,Buy
COHR,Coherent Corp.,274.86,USD,-2.1188704105979093,10519910,1.4715452745199586,51531262849.75699,USD,272.0308788598575,1.0104,USD,,0,Electronic technology,Buy
F,Ford Motor Company,12.81,USD,0.8661417322834741,73976741,1.014625428885345,51105178683.77953,USD,,-1.9158,USD,-231.06656632687964,4.7244094488189,Consumer durables,Neutral
CARR,Carrier Global Corporation,61.08,USD,-0.1471309465424283,4254877,0.7871706092967297,51053342177.765564,USD,35.76950105411103,1.7076,USD,-59.17957544463568,1.49583128984796,Producer manufacturing,Buy
SCGLY,Societe Generale,16.48,USD,3.0000000000000027,796191,0.27396663996935616,50944752512.36358,USD,,,,,1.6599464593027,Finance,Buy
NDAQ,"Nasdaq, Inc.",89.13,USD,1.9619058513984888,2987450,0.6172140629232119,50665400671.93489,USD,28.820410010993985,3.0926,USD,60.36297640653356,1.201166847795,Finance,Strong buy
EA,Electronic Arts Inc.,201.73,USD,0.2534539310207688,2062097,1.0122724654027242,50483683876.57892,USD,75.73868969401164,2.6635,USD,-32.223013893836836,0.377696054070172,Technology services,Neutral
EXC,Exelon Corporation,49.25,USD,0.5923202614379067,11787793,1.2909749649624687,50377458531.11214,USD,18.0079710409887,2.7349,USD,11.496595866117659,3.26797385620915,Utilities,Neutral
FER,Ferrovial SE,69.42,USD,0.8571843672817137,1273134,0.9985827578360692,49859734010.31599,USD,12.6616012621856,5.482718857000001,USD,390.7179029743803,1.24460208193418,Industrial services,Buy
FANG,"Diamondback Energy, Inc.",176.71,USD,-0.4618937644341763,2534061,0.7658751765943542,49846181516.38106,USD,31.33322694469564,5.6397,USD,-64.28309056364787,2.25314031431307,Energy minerals,Strong buy
ASX,"ASE Technology Holding Co., Ltd.",22.1,USD,-0.9412819363514,9839844,1.3099915934216877,49552145673.624054,USD,37.61702127659574,0.5875,USD,30.208333333333343,1.17107126848947,Electronic technology,Buy
EW,Edwards Lifesciences Corporation,85.22,USD,-0.07035647279549985,4439290,0.9895849808155961,49495774251.23124,USD,47.179316835520126,1.8063,USD,23.89738665203375,0,Health technology,Buy
MSTR,Strategy Inc,146.44,USD,10.370817003316242,37378810,2.012282744739837,48874707145.615616,USD,,-18.3938,USD,-226.44955186795636,0,Technology services,Strong buy
BDX,"Becton, Dickinson and Company",171.49,USD,-1.5613340221571659,2137411,0.7536128204486325,48830376814.25303,USD,28.010714927396567,6.1223,USD,1.7077830384583474,2.3936628207336,Health technology,Buy
LITE,Lumentum Holdings Inc.,680.8,USD,-1.9627608254251683,7905193,1.4999958350278635,48609120526.459984,USD,208.1702544031311,3.2704,USD,,0,Producer manufacturing,Buy
CIEN,Ciena Corporation,343.55,USD,3.146485723721746,2707900,1.0748072003310591,48599771103.11046,USD,404.46197315752295,0.8494,USD,47.95331823724089,0,Electronic technology,Buy
GRMN,Garmin Ltd.,251.18,USD,0.19546052894012889,1051777,0.752827746696769,48347336596.048836,USD,29.22872835598585,8.5936,USD,17.631921155293956,1.18871913518688,Electronic technology,Neutral
ETR,Entergy Corporation,106.49,USD,0.6426613741612254,3070149,1.2265762767769681,48238886697.48937,USD,27.218587056538187,3.9124,USD,60.396851426697275,2.34382383517626,Utilities,Buy
FERG,Ferguson Enterprises Inc.,247.13,USD,-0.334731408291665,1548321,0.9535770757341667,48067449980.62518,USD,31.81630918969024,7.7674,USD,-6.681083678740903,1.36312308436845,Distribution services,Buy
CMG,"Chipotle Mexican Grill, Inc.",36.71,USD,-0.595721635526669,11270657,0.8049618038606703,47811947757.43136,USD,32.114425684542034,1.1431,USD,2.6029979355533537,0,Consumer services,Buy
MET,"MetLife, Inc.",73.32,USD,0.8944543828264641,3292466,0.7179345165001808,47808590306.44723,USD,15.563574612608786,4.711,USD,-20.976264362995884,3.12370992156323,Finance,Buy
TER,"Teradyne, Inc.",305.2,USD,0.32213529682465364,3358856,1.0957049070698668,47780877346.516335,USD,87.62561010623025,3.483,USD,4.976039060851751,0.161067648412333,Electronic technology,Buy
RBLX,Roblox Corporation,67.4,USD,0.642078542631039,6757139,0.628905454409839,47766755552.96103,USD,,-1.5416,USD,-6.5892276844361595,0,Technology services,Buy
HSY,The Hershey Company,232.05,USD,-0.9010932695592694,1249102,0.6955183156668103,47034497258.910576,USD,53.4037558685446,4.3452,USD,-60.12260930215484,2.37529894089511,Consumer non-durables,Neutral
CCEP,Coca-Cola Europacific Partners plc,104.53,USD,-0.6652095410054194,2539294,1.3671687168143951,46954690563.799866,USD,21.57615538629843,4.8447,USD,45.62642779848502,2.21419747220374,Consumer non-durables,Buy
RKT,"Rocket Companies, Inc.",16.63,USD,1.217285453438827,29471252,1.0383049953817474,46828251804.28059,USD,,-0.1292,USD,-176.76767676767676,0,Finance,Buy
TRI,Thomson Reuters Corp,104.82,USD,-0.6068651621467861,2643003,0.6061902203486337,46628390129.4852,USD,30.855495366962888,3.39712582,USD,-27.156779359439454,2.34947353818409,Technology services,Strong buy
DEO,Diageo plc,82.26,USD,-2.2111269614835942,3012521,1.0567598324195802,46471427254.7625,USD,19.031974457452225,4.3222,USD,-33.05660961821421,4.83737517831669,Consumer non-durables,Buy
HLN,Haleon plc,10.47,USD,-1.3195098963242111,7266566,0.7092884938101586,46264893053.1795,USD,21.45931543349047,0.4879,USD,21.48904382470119,1.70945334590009,Health technology,Buy
BE,Bloom Energy Corporation,164.78,USD,7.685269899359555,9851068,0.9620106651686057,46228736615.10887,USD,,-0.3809,USD,-61.6723259762309,0,Electronic technology,Buy
AXON,"Axon Enterprise, Inc.",569.81,USD,-1.60251428966138,784291,0.5266116512435879,45811401065.484116,USD,373.62140187528684,1.5251,USD,-68.08546257350325,0,Electronic technology,Strong buy
ODFL,"Old Dominion Freight Line, Inc.",216.19,USD,3.9674906222948927,3092448,1.564671555877372,45059537189.656975,USD,44.69505892081869,4.837,USD,-11.691678533610846,0.53861690872367,Transportation,Neutral
FITB,Fifth Third Bancorp,49.54,USD,-0.06052047609441424,6577958,0.6537773964593067,44676111485.074844,USD,14.014937195880954,3.5348,USD,12.709648619348258,3.10671777284648,Finance,Buy
GFI,Gold Fields Limited,51.08,USD,-0.25385666861941525,2382455,0.8398588277281113,44646493712.809395,USD,12.884023608939112,3.9646,USD,187.70682148040638,1.23093536418668,Non-energy minerals,Buy
STRC,Strategy Inc - Variable Rate Series A Perpetual Stretch Preferred Stock,100.05,USD,0.03999600039995204,1506382,1.6186586377488084,44282273587,USD,,-18.3938,USD,-226.44955186795636,0,Technology services,No rating
DHI,"D.R. Horton, Inc.",152.7,USD,0.058973854924300496,1990579,0.8340506596636846,44237709305.0737,USD,13.864928178400856,11.0134,USD,-22.17668423804745,1.11395059301487,Consumer durables,Neutral
YUM,"Yum! Brands, Inc.",158.99,USD,-0.9284646061814437,1580924,0.8334450094382563,43949622772.997696,USD,28.638590676561716,5.5516,USD,6.429968176066867,1.79461615154536,Consumer services,Buy
BAYRY,Bayer A.G.,11.01,USD,0.36463081130354735,2558682,1.9386197175991495,43695418301.48684,USD,,-0.0868,USD,66.66666666666667,0.206829048263419,Health technology,Buy
MT,Arcelor Mittal NY Registry Shares NEW,61.16,USD,1.8145496920259636,1652814,0.8574920737908014,43505732990.13362,USD,14.790094795898625,4.1352,USD,149.5594447797224,0.77825869818545,Non-energy minerals,Buy
WCN,"Waste Connections, Inc.",169.84,USD,-1.5819667381352436,1626087,0.9098428652272522,43424899085.944916,USD,40.030315185842305,4.242784479999999,USD,89.65038127384534,0.779928383761336,Industrial services,Strong buy
ALNY,"Alnylam Pharmaceuticals, Inc.",327.3,USD,2.7145771222344375,931151,0.8690254969557776,43407552376.43904,USD,145.00908245093262,2.2571,USD,,0,Health technology,Buy
ROK,"Rockwell Automation, Inc.",383.35,USD,-3.8017565872020014,1534385,1.3906121163884118,43072401933.71632,USD,43.862057918282815,8.7399,USD,8.762039871574707,1.35006273525721,Producer manufacturing,Buy
PYPL,"PayPal Holdings, Inc.",46.75,USD,0.7977576541612708,14612788,0.41254372220882873,43041068740.63713,USD,8.642523062133733,5.4093,USD,35.313688212927765,0.301854247520483,Commercial services,Neutral
KR,Kroger Company (The),67.99,USD,-0.9469696969697053,8015044,1.4277637368420892,43027415510.27462,USD,62.27331013006044,1.0918,USD,-71.10722980840478,1.99592074592075,Retail trade,Buy
CVE,Cenovus Energy Inc,22.81,USD,1.966919982118899,15402542,0.9337953539877734,42960354449.78516,USD,14.582101456879153,1.56424642,USD,37.26679454628761,2.55068672334859,Energy minerals,Buy
ALC,Alcon Inc.,84.27,USD,1.4323543572460251,969594,0.45627751105477465,42109719425.56613,USD,40.27412749522282,2.0924103200000004,USD,5.538455289649873,0.437773608505316,Health technology,Buy
VTR,"Ventas, Inc.",86.75,USD,0.2890173410404624,2453400,0.8785050189263154,42070590662,USD,159.9963113242346,0.5422,USD,184.7689075630252,2.21965317919075,Finance,Buy
AIG,"American International Group, Inc. New",78.3,USD,-0.961295218821155,3070638,0.7622159632002117,42012622616.37996,USD,14.449960322586596,5.4187,USD,7.37328102088536,2.2135087275487,Finance,Buy
SYY,Sysco Corporation,87.63,USD,-0.43176911714578986,4058378,1.3357227092555546,41968695110.23985,USD,23.567855413909957,3.7182,USD,-4.480295946154238,2.42017952505397,Distribution services,Buy
PEG,Public Service Enterprise Group Incorporated,83.91,USD,-0.05955216769890086,3386788,1.1860654258812244,41849264442.33767,USD,19.891899580399684,4.2183,USD,19.026523702031607,3.00142925202477,Utilities,Buy
CBRE,CBRE Group Inc,141.74,USD,-0.6239921475145386,2179733,0.7797745073797169,41835777050.29545,USD,36.80602440924435,3.851,USD,22.4483306836248,0,Finance,Buy
DDOG,"Datadog, Inc.",118.33,USD,5.869195669678807,5190058,0.7975429313791588,41720327618.81453,USD,399.49358541525993,0.2962,USD,-42.31742940603699,0,Technology services,Strong buy
DAL,"Delta Air Lines, Inc.",63.83,USD,-1.1919504643962788,9415195,1.0579315355499208,41689330081.15634,USD,8.333006958315382,7.6599,USD,43.70755318749767,1.10294117647059,Transportation,Strong buy
PCG,Pacific Gas & Electric Co.,18.88,USD,-0.21141649048627217,19682286,1.0992353985604773,41497636338.94291,USD,16.20183643696902,1.1653,USD,0.9967065349280695,0.660676532769556,Utilities,Buy
CRWV,"CoreWeave, Inc.",79.5,USD,7.752778530767144,25322275,0.8816665937349247,41439635559.14882,USD,,-2.5447,USD,-22.60069377529389,0,Technology services,Buy
BIDU,"Baidu, Inc.",118.98,USD,0.22744503411676376,2565242,1.120999055478057,41321141694.68485,USD,71.27965492451474,1.6692,USD,-81.73961558236974,0,Technology services,Strong buy
RKLB,Rocket Lab Corporation,71.91,USD,2.5381434478825056,17072999,0.9989982924811,40804999601.98032,USD,,-0.3758,USD,1.9566918862509657,0,Electronic technology,Buy
EBAY,eBay Inc.,91.03,USD,1.5619770166239046,4594231,0.6111622331053742,40781438750.78769,USD,20.959683175611893,4.3431,USD,9.422791060945798,1.2942095280598,Retail trade,Neutral
KGC,Kinross Gold Corporation,33.97,USD,0.5029585798816619,7201989,0.5659131670373763,40757206041.93827,USD,17.081388567547815,1.9887141999999998,USD,170.93354734301397,0.380132120424518,Non-energy minerals,Buy
ED,"Consolidated Edison, Inc.",112.49,USD,0.11569953720184714,2267090,0.6715652349663708,40642937944.78934,USD,19.89987262949335,5.6528,USD,7.846990365353425,3.05936276254895,Utilities,Neutral
NUE,Nucor Corporation,176.07,USD,-0.7497181510710329,1061388,0.6198463448128454,40104274629.89729,USD,23.366334005733094,7.5352,USD,-10.321927997619758,1.24577226606539,Non-energy minerals,Buy
TTWO,"Take-Two Interactive Software, Inc.",215.77,USD,-0.5897258696152965,2471005,1.1707531760702137,39955306449.35595,USD,,-22.3691,USD,-4.860726976120603,0,Technology services,Strong buy
CUK,Carnival Plc,27.95,USD,-1.4804370814240453,3017073,1.239420811347874,39519396447.2905,USD,13.950586473671077,2.0035,USD,43.929597701149426,0.528727529080014,Consumer services,Buy
CCI,Crown Castle Inc.,91.15,USD,0.986040327941503,2599385,0.709703184328842,39359718356,USD,19.720473377901822,4.6221,USD,,5.26534456015954,Finance,Buy
TEVA,Teva Pharmaceutical Industries Limited,32.91,USD,1.9516728624535173,9422575,1.4616404381662995,39315361062.271095,USD,27.035241928858945,1.2173,USD,,0,Health technology,Strong buy
KDP,Keurig Dr Pepper Inc.,28.87,USD,-2.367264119039565,9101744,0.7992019065760275,39224687465.887375,USD,18.92370214997378,1.5256,USD,45.07417268923544,3.11126141359486,Consumer non-durables,Buy
HIG,"The Hartford Insurance Group, Inc.",142.17,USD,0.7726112843776403,1386049,0.7812249094619957,39219474526.936554,USD,10.654865399604292,13.3432,USD,28.840137499517194,1.53104621491352,Finance,Buy
XYZ,"Block, Inc.",65.24,USD,3.7201907790143025,10400927,0.7247263381112559,39085025771.98983,USD,30.992874109263656,2.105,USD,-53.7423636443546,0,Commercial services,Buy
VMC,Vulcan Materials Company (Holding Company),295.98,USD,-1.339999999999994,1308374,0.9602036693807172,38649181849.134,USD,36.485337080729266,8.1123,USD,18.33099947488184,0.653333333333333,Non-energy minerals,Buy
CCL,Carnival Corporation,28.01,USD,-1.8226428321065529,21974023,1.0145515882205818,38646576713.850334,USD,13.980534065385577,2.0035,USD,43.929597701149426,0.525762355415352,Consumer services,Buy
ASTS,"AST SpaceMobile, Inc.",104.89,USD,13.174363400949495,20805248,1.6529860823726736,38536721990.315056,USD,,-1.3255,USD,32.406935237123925,0,Communications,Neutral
EQT,EQT Corporation,61.31,USD,-0.48693393929556433,8344048,0.8012851833618814,38274238511.09868,USD,18.501976642423877,3.3137,USD,706.2530413625304,1.04690796948547,Energy minerals,Buy
WEC,"WEC Energy Group, Inc.",117.55,USD,1.2314846710299625,2835964,1.4005652014096106,38266213692.07242,USD,24.322367059797227,4.833,USD,0.1637271766388311,3.12607647261454,Utilities,Buy
MCHP,Microchip Technology Incorporated,69.9,USD,-2.08712704860624,7452245,1.0028327209037524,37825366723.74563,USD,,-0.2879,USD,-150.76706048315992,2.54937666339824,Electronic technology,Buy
RMD,ResMed Inc.,259.05,USD,0.2981260647359605,664356,0.6974117842683967,37737990833.905464,USD,25.606175926932696,10.1167,USD,19.513520537749997,0.902121728356822,Health technology,Buy
LVS,Las Vegas Sands Corp.,56.07,USD,0.664272890484735,2712058,0.600068816154817,37674037199.04559,USD,23.856528953750587,2.3503,USD,20.060277891295456,1.8850987432675,Consumer services,Buy
WDAY,"Workday, Inc.",143.04,USD,-0.3969082932943538,4964150,0.5945263977433398,37619520160.36097,USD,55.364607524384574,2.5836,USD,32.13317649465556,0,Technology services,Buy
ROP,"Roper Technologies, Inc.",361.27,USD,1.4803370786516803,1612773,0.917968666623067,37184622666.16135,USD,25.441190969141278,14.2002,USD,-1.0052703494046433,0.950842696629213,Technology services,Buy
ERIC,Ericsson,11.41,USD,1.152482269503553,6904499,0.99077758063947,36919991570.3012,USD,12.945314272747902,0.8814,USD,24383.333333333332,1.72931737588652,Electronic technology,Neutral
LYV,"Live Nation Entertainment, Inc.",158.64,USD,-2.1163694699821107,3361921,0.8752424741567002,36862899315.568825,USD,115.79562043795619,1.37,USD,46.696648463432936,0,Consumer services,Buy
HMC,"Honda Motor Company, Ltd.",28.51,USD,0.7420494699646673,1164167,1.1540777064667556,36790252111.34402,USD,11.503853447928016,2.4783,USD,-42.41868029739778,3.97159717314488,Consumer durables,Buy
CPRT,"Copart, Inc.",37.94,USD,-1.4033264033264012,10899802,0.8294746208649947,36726591108.1185,USD,23.79727780217023,1.5943,USD,7.086243954862987,0,Retail trade,Buy
PUK,Prudential Public Limited Company,29.92,USD,1.5269765863590188,1210471,1.3949941271702733,36271599428.769,USD,11.582084930128131,2.5833,USD,305.0964403324447,1.59484221241941,Finance,Strong buy
GEHC,GE HealthCare Technologies Inc.,79.02,USD,1.1391270958658655,2462233,0.8166469163169684,36013346853.61781,USD,17.349111906382415,4.5547,USD,4.896248359088923,0.179188531933956,Health technology,Buy
IR,Ingersoll Rand Inc.,91.84,USD,0.3277255844439558,2608885,0.832694315741026,35966198533.61765,USD,63.11593704900007,1.4551,USD,-29.350359293066614,0.0873934891850557,Producer manufacturing,Buy
EL,"Estee Lauder Companies, Inc. (The)",99.21,USD,0.5065342923715935,3580473,0.8857441758077779,35886939310.34667,USD,,-0.5003,USD,74.32120310013858,1.41829601864046,Consumer non-durables,Buy
OTIS,Otis Worldwide Corporation,91.15,USD,-1.3421365948695692,2197396,0.5506285230303919,35431900200.78417,USD,25.979763431665955,3.5085,USD,-13.777002285517673,1.81837861240394,Industrial services,Buy
NTR,Nutrien Ltd.,73.59,USD,-1.1152915882827175,3228828,0.9951455944123405,35407190352.82199,USD,15.642107824766867,4.70460892,USD,263.01316871253107,2.9837795043273,Process industries,Buy
STT,State Street Corporation,126.54,USD,0.5003573981415373,1593473,0.8327049400750601,35270268775.68835,USD,13.451541920464331,9.4071,USD,14.290053335601204,2.54149789532206,Finance,Buy
NRG,"NRG Energy, Inc.",163.54,USD,0.9132420091324138,9060083,2.8183872763361104,35108366206.09589,USD,41.4193090872252,3.9484,USD,-21.770486606435256,1.10761446377885,Utilities,Buy
ACGL,Arch Capital Group Ltd.,98.42,USD,-2.0501592356687923,1344785,0.8472637040037846,35018163354.24483,USD,8.470462682456624,11.6192,USD,3.8253612245444932,0,Finance,Buy
CPNG,"Coupang, Inc.",19.1,USD,-0.5726184279021314,23051959,0.808245213983862,34918459077.7772,USD,90.39280643634643,0.2113,USD,-62.80584404154199,0,Retail trade,Buy
KVUE,Kenvue Inc.,18.19,USD,0.2203856749311444,40715582,1.163126478133649,34865357580.49863,USD,23.80890052356021,0.764,USD,42.72370633289744,4.55922865013774,Consumer non-durables,Neutral
KMB,Kimberly-Clark Corporation,104.73,USD,0.08600917431192986,5415889,1.1184458422183383,34762228903.52093,USD,17.267076649135245,6.0653,USD,-19.648936874875805,4.81651376146789,Consumer non-durables,Buy
ADYEY,Adyen N.V.,11.12,USD,-0.8028545941124142,7556693,2.6670000934564397,34749841860.224205,USD,29.201680672268903,0.3808,USD,18.777292576419224,0,Commercial services,Strong buy
AMRZ,Amrize Ltd,62.73,USD,1.5377144707024857,3747568,0.9082102877141021,34673126205.438,USD,29.28024645257655,2.1424,USD,-7.050197405527358,0,Non-energy minerals,Buy
PAYX,"Paychex, Inc.",95.79,USD,0.2406864796986228,2694032,0.6210608118279557,34385489982.57073,USD,21.708781869688387,4.4125,USD,-7.152175742782596,4.52071996651319,Technology services,Neutral
PRU,"Prudential Financial, Inc.",98.79,USD,0.04050632911393039,1754787,0.7104479045275317,34378920000,USD,9.874852561923992,10.0042,USD,33.80144177399727,5.51898734177215,Finance,Neutral
VOD,Vodafone Group Plc,15.03,USD,1.0080645161290227,3220120,0.7166199994556561,34241782974.986496,USD,,-1.8334,USD,-279.06045512257054,3.33729166666667,Communications,Neutral
HBAN,Huntington Bancshares Incorporated,16.83,USD,0.4776119402984973,27684960,1.0881290875990812,34161405391.671036,USD,12.109656065620952,1.3898,USD,13.946052307944571,3.70149253731343,Finance,Buy
A,"Agilent Technologies, Inc.",120.54,USD,1.2600806451612903,2806213,0.8840112769351746,34093489277.4501,USD,26.600463422707712,4.5315,USD,4.141291108404388,0.839213709677419,Health technology,Buy
FISV,"Fiserv, Inc.",62.6,USD,-0.46112259500715397,5478216,0.7122532555178144,33477072856.7149,USD,9.880986204501689,6.3354,USD,17.712417086267436,0,Commercial services,Neutral
VIK,Viking Holdings Ltd,75.28,USD,-1.4917560847945572,2307449,0.8973252156564175,33394982310.26014,USD,29.303230829116387,2.569,USD,691.6795069337442,0,Consumer services,Buy
DG,Dollar General Corporation,151.6,USD,-0.9409304756926279,2893654,1.1003845646032635,33370020929.939884,USD,26.17538891862493,5.7917,USD,-4.616271409749677,1.54208050182959,Retail trade,Buy
JD,"JD.com, Inc.",25.4,USD,-0.9360374414976675,17395929,2.226953016066592,33273242640.777664,USD,8.582530832910965,2.9595,USD,-5.673306772908378,3.82215288611544,Retail trade,Buy
TCOM,Trip.com Group Limited,50.86,USD,-1.6247582205029076,2679919,0.683472052174365,33017422485.167473,USD,8.166345536287732,6.228,USD,88.140047729813,,Consumer services,Strong buy
CHTR,"Charter Communications, Inc.",232,USD,1.1289830434593102,1272023,0.8851514493188285,32974519434.654118,USD,6.396894197575797,36.2676,USD,3.066333983165004,0,Consumer services,Neutral
SATS,EchoStar Corporation,114.03,USD,-2.4550898203592855,4023033,1.0462287313429925,32940514578.1958,USD,,-50.3231,USD,-9888.705835649067,0,Communications,Buy
MTB,M&T Bank Corporation,219.24,USD,0.11873230432003806,784137,0.6211759594937286,32668533044.68025,USD,12.862272076596344,17.0452,USD,16.46476034300161,2.60297744086218,Finance,Buy
SYM,Symbotic Inc.,54.04,USD,2.6011011961268227,793121,0.5981980468080029,32541362478.604897,USD,,-0.1027,USD,13.842281879194632,0,Producer manufacturing,Buy
QSR,Restaurant Brands International Inc.,71.36,USD,-1.0812309398392033,4352241,1.5272272307222363,32530221197.01913,USD,31.55567347660741,2.2614,USD,-28.84203901825047,3.43775991128362,Consumer services,Buy
UAL,"United Airlines Holdings, Inc.",100.48,USD,-2.008972108445487,6642743,0.9959909028012013,32498288884.010143,USD,9.820555924782047,10.2316,USD,8.502831449235403,0,Transportation,Strong buy
ADM,Archer-Daniels-Midland Company,67.22,USD,-1.1325194881600178,2453518,0.817096864648989,32346386887.334904,USD,30.16378730087503,2.2285,USD,-38.31654118689106,3.0151492866598,Process industries,Neutral
INSM,Insmed Incorporated,149.88,USD,1.9591836734693846,2016270,0.71989488371452,32306918044.011425,USD,,-6.403,USD,-14.615591157254087,0,Health technology,Strong buy
VICI,VICI Properties Inc.,29.89,USD,-1.0264900662251613,7970643,0.7913507161751865,32275867417,USD,11.44333843797856,2.612,USD,2.1309872922776143,5.84437086092715,Finance,Buy
RYAAY,Ryanair Holdings plc,65.12,USD,1.7659009220190696,1925594,1.3367940875973572,32138433153.186596,USD,13.254360790539579,4.9131,USD,50.51006341328922,1.1023050476637,Transportation,Buy
IRM,Iron Mountain Incorporated (Delaware),107.84,USD,0.0556689552792747,1313218,0.6886822043171266,31885118042,USD,222.7638917579013,0.4841,USD,-20.24711696869852,2.98663945073297,Finance,Buy
TPR,"Tapestry, Inc.",156.91,USD,1.6124854293485358,1981182,0.9012515965495016,31768660091.183395,USD,65.03771864378679,2.4126,USD,-29.970102464369692,0.971376764667789,Retail trade,Buy
EXR,Extra Space Storage Inc,150.36,USD,0.40064102564104087,913943,0.6556650590870694,31619975520,USD,33.178137205145745,4.5319,USD,12.395525904615473,4.32692307692308,Finance,Neutral
XYL,Xylem Inc.,129.4,USD,1.7455574775908151,1479405,0.7553839690437608,31462497649.396133,USD,32.96647304595945,3.9252,USD,7.433763958835117,1.28164805787073,Producer manufacturing,Buy
AEE,Ameren Corporation,113.33,USD,1.1965354049468735,2114825,1.0953153396716682,31327187932.282345,USD,21.185949563494287,5.3493,USD,20.997511875141374,2.53594070899187,Utilities,Buy
WAT,Waters Corporation,319.04,USD,2.210546549625179,1246587,0.9418150762397659,31298421331.72141,USD,29.63678588016721,10.765,USD,0.47413712643035055,0,Health technology,Buy
DTE,DTE Energy Company,150.11,USD,1.350347714536493,2161201,1.5458242772262754,31193424339.662006,USD,21.316690097842912,7.0419,USD,4.062361460026595,2.99439605698467,Utilities,Buy
CTSH,Cognizant Technology Solutions Corporation,65.12,USD,1.2123096052222586,6307166,0.6928958468727079,31143437509.59279,USD,14.288848905077456,4.5574,USD,1.116016951032815,1.95834628535903,Technology services,Buy
CLS,"Celestica, Inc.",270.64,USD,5.327884802490757,1932756,0.9299827529694398,31114899824.386745,USD,43.98524238559936,6.1529728,USD,102.44416464166086,0,Electronic technology,Strong buy
VEEV,Veeva Systems Inc.,188.48,USD,1.3823893281695407,3459868,1.6310644204512732,30982694800.11618,USD,36.624370907253756,5.1463,USD,27.150763453081,0,Technology services,Buy
ATO,Atmos Energy Corporation,186.77,USD,0.4139784946236614,1456709,1.175632825835193,30899032614.181232,USD,24.31078020461823,7.6826,USD,9.869145513049698,2.01075268817204,Utilities,Neutral
RJF,"Raymond James Financial, Inc.",156.12,USD,1.534859521331955,1054017,0.7818674075148857,30769851118.466442,USD,15.28550168402914,10.2136,USD,-0.2461225924913065,1.3267429760666,Finance,Buy
IQV,"IQVIA Holdings, Inc.",177.88,USD,2.253391584272239,1778975,0.5939296597783547,30186236621.70062,USD,22.638819950873707,7.8573,USD,4.811514553264153,0,Health technology,Strong buy
FWONK,Liberty Media Corporation - Series C Liberty Formula One,85.48,USD,-3.7495777502533483,3554806,1.4300903898635131,29931898585.03547,USD,28.980200705180362,2.9496,USD,,0,Technology services,Strong buy
DOV,Dover Corporation,221.84,USD,0.4892190614241767,1111515,0.8992313071629138,29918810885.134262,USD,27.93426934458226,7.9415,USD,-59.17113522906631,0.93993477079181,Producer manufacturing,Buy
VRSK,"Verisk Analytics, Inc.",215.58,USD,0.3864959254947672,2017349,0.7494954784113728,29737513623.46254,USD,33.25774054704494,6.4821,USD,-3.3359181603984616,0.838183934807916,Technology services,Buy
FE,FirstEnergy Corp.,50.8,USD,0.4548151077713998,3821072,0.8238152058415827,29358989178.303337,USD,28.786762622542074,1.7647,USD,4.038438863341588,3.51987344275262,Utilities,Buy
TW,Tradeweb Markets Inc.,124.58,USD,-0.8199984077700829,1505863,0.9224446296035614,29357015140.000797,USD,32.95941584210805,3.7798,USD,62.11185452050094,0.382135180320038,Finance,Buy
FTAI,FTAI Aviation Ltd.,282.91,USD,0.41171251109140194,1411235,0.6261291796868536,29019006739.187016,USD,61.33018274837955,4.6129,USD,,0.443655723158829,Electronic technology,Strong buy
PPL,PPL Corporation,38.59,USD,0.8888888888888977,8289939,0.5854741688131916,28992930328.071114,USD,24.305599294577064,1.5877,USD,32.55134413090666,2.84967320261438,Utilities,Buy
HAL,Halliburton Company,34.43,USD,-2.3539421440725987,15400978,1.3474634190194195,28836790069.366703,USD,22.820971697487906,1.5087,USD,-46.7154058063149,1.92853091321611,Industrial services,Buy
WTW,Willis Towers Watson Public Limited Company,304.49,USD,0.4685386214405966,540310,0.6147637276771111,28788283633.85871,USD,18.661935143815008,16.3161,USD,,1.21424093443759,Finance,Buy
NTRA,"Natera, Inc.",203.03,USD,-1.9368238021638289,859313,0.6926521064954437,28775694135.159924,USD,,-1.5367,USD,-0.5101707109686722,0,Health technology,Strong buy
CNP,"CenterPoint Energy, Inc (Holding Co)",44.02,USD,1.4519474533302663,4336140,0.5801182605672769,28739406636.89606,USD,27.370515451097432,1.6083,USD,1.4764338444065928,2.05116386264116,Utilities,Buy
HPE,Hewlett Packard Enterprise Company,21.55,USD,-0.41589648798521195,10253028,0.6254802574738849,28635821756.922363,USD,,-0.0762,USD,-104.03025334532184,2.46072088724584,Electronic technology,Buy
KHC,The Kraft Heinz Company,24.04,USD,-0.7431874483897594,16654045,1.1946230087628955,28457223006.86375,USD,,-4.9384,USD,-318.0597871682783,6.60611065235343,Consumer non-durables,Neutral
EIX,Edison International,73.89,USD,0.04061738424045645,3702307,1.0139747936689947,28432201614.817627,USD,6.390928669659306,11.5617,USD,250.12113136696743,4.54914703493095,Utilities,Neutral
TS,Tenaris S.A.,53.6,USD,1.246694370986029,1656292,0.8577205475683767,28376072106.722237,USD,,,,,3.21118247072157,Non-energy minerals,Buy
PHG,Koninklijke Philips N.V. NY Registry Shares,30.93,USD,1.9446275543836515,816461,0.9713732792844072,28351433486.146458,USD,28.941704875081875,1.0687,USD,,2.48231377719183,Health technology,Buy
ES,Eversource Energy (D/B/A),75.32,USD,0.7895088987019794,2337205,0.8615480627558937,28282406127.3534,USD,16.5124742403648,4.5614,USD,97.90012581890754,4.02783353405593,Utilities,Neutral
RDDT,"Reddit, Inc.",147.29,USD,1.098222252728392,5053281,1.0448014178239908,28137662993.120804,USD,55.34097313544993,2.6615,USD,,0,Technology services,Buy
STLD,"Steel Dynamics, Inc.",193.91,USD,-1.792858951633321,1002091,0.8619414715755023,28094145849.11365,USD,24.240568042603197,7.9994,USD,-18.295099381038955,1.01291466193973,Non-energy minerals,Buy
STM,STMicroelectronics N.V.,33.33,USD,5.407969639468682,10061127,1.7665957069895784,28090470541.4326,USD,58.597046413502106,0.5688,USD,-76.72667757774141,0.967741935483871,Electronic technology,Buy
DXCM,"DexCom, Inc.",72.9,USD,-0.24630541871920172,4340679,1.1453227599111189,28056647367.48769,USD,34.83205122079411,2.0929,USD,46.911413730169876,0,Health technology,Buy
ROL,"Rollins, Inc.",58,USD,-3.6064483962107388,3701775,1.1513490201679342,27903348149.443245,USD,53.31862474719617,1.0878,USD,12.971232734448035,1.1550606614592,Commercial services,Buy
BIIB,Biogen Inc.,189.94,USD,3.2170416259102197,952927,1.001876902056034,27875315771.789154,USD,21.57011935450901,8.8057,USD,-21.249005070785298,0,Health technology,Buy
RPRX,Royalty Pharma plc,47.43,USD,-0.10530749789384407,4344627,1.3365533344408145,27362681678.270855,USD,26.63708862181287,1.7806,USD,-7.144347100542345,1.88500421229992,Health technology,Buy
EXPE,"Expedia Group, Inc.",221.73,USD,3.063121688203032,2442953,0.654173716642055,27169557136.442272,USD,22.51408843986394,9.8485,USD,8.866510435090195,0.743701775587989,Consumer services,Buy
TECK,Teck Resources Ltd,55.5,USD,0.07212405337179796,4406834,1.036389336588946,27144826155.61568,USD,26.921697442613375,2.0615341999999997,USD,373.90784616537553,0.659891777748449,Non-energy minerals,Buy
DVN,Devon Energy Corporation,43.49,USD,-1.1590909090909045,10755844,0.9113686319364486,26963800000,USD,10.416267484192375,4.1752,USD,-8.676917692862924,2.18181818181818,Energy minerals,Buy
NTRS,Northern Trust Corporation,145.07,USD,1.9895950506186613,1215569,1.1050585079584243,26958038436.05202,USD,16.589287347909615,8.7448,USD,-10.51166598444536,2.17941507311586,Finance,Neutral
JBL,Jabil Inc.,255.18,USD,0.3697293895531772,725758,0.5841000190338452,26945801134.299877,USD,39.693872789210886,6.4287,USD,-38.33144677013986,0.12586532410321,Producer manufacturing,Buy
AWK,"American Water Works Company, Inc.",136.41,USD,0.44179368235033817,1782095,0.9255179053499094,26628415450.411972,USD,23.942500087759328,5.6974,USD,5.699231939445659,2.43722848096606,Utilities,Neutral
TSCO,Tractor Supply Company,50.59,USD,-1.9573643410852672,6675520,1.1942646344030659,26628112408.181396,USD,24.559444633234627,2.0599,USD,0.9705406597715819,1.80232558139535,Retail trade,Buy
OMC,Omnicom Group Inc.,85.8,USD,1.3944693925785778,3632647,0.4678162465357404,26626858341.278656,USD,172.87930687084423,0.4963,USD,-93.3384338675472,3.42708579532026,Commercial services,Buy
GFS,GlobalFoundries Inc.,47.57,USD,0.7412113511224088,2370694,0.7863599522285203,26433779231.610973,USD,30.005046045162107,1.5854,USD,,0,Electronic technology,Buy
WRB,W.R. Berkley Corporation,70.39,USD,-3.097466960352423,1786500,0.8322604557349249,26360410338.4565,USD,15.818688480381141,4.4498,USD,2.0900727281070037,0.495594713656388,Finance,Neutral
PPG,"PPG Industries, Inc.",117.7,USD,-0.4061600947706921,2530482,1.2701509590548705,26305328665.902863,USD,17.003019227713335,6.9223,USD,16.390079865489703,2.37772888813674,Process industries,Buy
AXIA,AXIA Energia,11.8,USD,4.609929078014197,2572458,0.999122001138299,26256041915.509697,USD,,-0.5,USD,-160.84205402774398,7.14083333333333,Utilities,Strong buy
STZ,"Constellation Brands, Inc.",151.24,USD,-3.063709780797334,1821446,1.0002337700463855,26226257732.551727,USD,23.848494883075517,6.3417,USD,69.79116465863456,2.6150493526471,Consumer non-durables,Buy
FTI,TechnipFMC plc,65.27,USD,-1.3004687736277023,4688454,0.9697228400067576,26110932958.23091,USD,28.28479805858901,2.3076,USD,20.3630294179011,0.302434598518071,Industrial services,Buy
LEN,Lennar Corporation,106.53,USD,-1.7341573655566787,2073200,0.9538983925210905,26094621563.414997,USD,13.335252735147586,7.9886,USD,-44.31634416996598,1.84484826123051,Consumer durables,Neutral
PAAS,Pan American Silver Corp.,61.85,USD,0.4221464523461569,5315001,0.6760592198763968,26093526322.717663,USD,24.295039271153538,2.5457872,USD,750.7966307776043,0.768439244565863,Non-energy minerals,Buy
PBA,Pembina Pipeline Corp.,44.5,USD,0.22522522522522842,1324840,0.684850709844318,25856635021.68833,USD,22.945924180973858,1.9393422399999998,USD,-6.963294784891739,4.64044758927102,Industrial services,Buy
FIS,"Fidelity National Information Services, Inc.",50.08,USD,-0.37795902128507025,6781007,1.260223438258426,25761336855.670578,USD,67.75808415640644,0.7391,USD,-50.16183412002698,3.18281281082156,Technology services,Buy
ARES,Ares Management Corporation,116.21,USD,3.160230803373269,2949819,0.6544629133378252,25671091859.868797,USD,66.46268229911352,1.7485,USD,-13.384851637192252,3.97691966267199,Finance,Buy
CFG,"Citizens Financial Group, Inc.",60.2,USD,0.8713136729222573,5267699,0.9324013247793899,25584015414.27279,USD,15.572858731924361,3.8657,USD,27.70730095804426,2.94906166219839,Finance,Strong buy
EXE,Expand Energy Corporation,105.88,USD,-1.9538846189461982,3738443,0.816851194602726,25453368287.071766,USD,14.036483190158023,7.5432,USD,,2.12982683581813,Energy minerals,Strong buy
PHM,"PulteGroup, Inc.",132.18,USD,0.11361054305840013,1270742,0.8186206167043076,25397270609.10157,USD,11.889042796236666,11.1178,USD,-24.435533201930255,0.696811330758161,Consumer durables,Buy
Q,"Qnity Electronics, Inc.",120.03,USD,3.3672063382707513,2507742,0.7232551699967275,25165358966.05959,USD,36.32979206392445,3.3039,USD,,0.0516706854977609,Electronic technology,Strong buy
XPO,"XPO, Inc.",214.46,USD,-0.4225286715884276,1913062,1.1186816708223613,25123422632.220554,USD,81.08435101516126,2.6449,USD,-18.198125753873754,0,Transportation,Buy
ZS,"Zscaler, Inc.",156.21,USD,0.9956681968061166,1996004,0.4156662721315815,25117116582.162735,USD,,-0.4271,USD,-313.45595353339786,0,Technology services,Strong buy
AER,AerCap Holdings N.V.,149.79,USD,2.5397042716319684,1413305,1.1327841464321715,24996437410.38232,USD,7.015333601850897,21.3518,USD,98.25623502757712,0.828313253012048,Finance,Strong buy
LPLA,LPL Financial Holdings Inc.,311.88,USD,1.8483443276075917,750122,0.6761479033990466,24975405798.369926,USD,28.321573541831256,11.0121,USD,-21.528233047344873,0.391875122460976,Finance,Buy
EFX,"Equifax, Inc.",206.57,USD,0.0678195998643542,969113,0.7030318831672586,24844172324.932518,USD,38.80925094406974,5.3227,USD,10.118752068851386,0.915564598168871,Commercial services,Buy
AVB,"AvalonBay Communities, Inc.",178.1,USD,0.43988269794721474,592232,0.5834510615240629,24839601142,USD,24.10763837188841,7.3877,USD,-2.6627842630899448,3.94766523798782,Finance,Buy
CRCL,"Circle Internet Group, Inc.",105.27,USD,5.660945498343873,24170984,1.0411078414725823,24758150819.28997,USD,,-0.543,USD,-327.6729559748428,0,Technology services,Buy
BCE,"BCE, Inc.",26.45,USD,0.18939393939394208,3594206,1.287525832775312,24665307152.969273,USD,,,,,6.3953488372093,Communications,Buy
ON,ON Semiconductor Corporation,62.53,USD,-1.4033427940712717,7496795,1.05134417614778,24638103550.01687,USD,187.3277411623727,0.3338,USD,-90.81275975008944,0,Electronic technology,Buy
NBIS,Nebius Group N.V.,97.78,USD,12.649769585253463,12975822,1.034118892198329,24612247402.21982,USD,,,,,0,Technology services,Buy
BRO,"Brown & Brown, Inc.",71.85,USD,-0.4296008869179632,2851157,0.8989323661425158,24459181399.020233,USD,22.50093949642991,3.1932,USD,-7.737648078589999,0.873059866962306,Finance,Neutral
CHD,"Church & Dwight Company, Inc.",102.47,USD,-0.5338769171034723,1686872,0.8965578124625464,24254056868.222675,USD,34.03527418872687,3.0107,USD,27.114207304200967,1.15754222481072,Consumer non-durables,Buy
SYF,Synchrony Financial,69.27,USD,0.888435770463151,2974195,0.6103277010934862,24077995804.915085,USD,7.460902158459351,9.2844,USD,8.78286544500163,1.74774249927177,Finance,Buy
RF,Regions Financial Corporation,27.83,USD,0.32444124008651715,10896919,0.7520154017653342,24031391648.606705,USD,12.092639263057269,2.3014,USD,19.107752820618995,3.71304974765681,Finance,Neutral
EC,Ecopetrol S.A.,11.59,USD,-0.8554319931565411,2159594,0.6535264394938781,23952325270.820446,USD,8.781633580845583,1.3198,USD,-28.813376483279395,8.48073567151411,Energy minerals,Neutral
CMS,CMS Energy Corporation,78.12,USD,0.41131105398458534,3062345,0.8488695645135547,23937601525.348076,USD,22.17806041335453,3.5224,USD,5.806374095100786,2.8245501285347,Utilities,Buy
SOFI,"SoFi Technologies, Inc.",18.7,USD,0.48361096184846786,62743455,0.8633548471972489,23847436011.203655,USD,49.21052631578947,0.38,USD,-0.549594347029571,0,Finance,Neutral
FOXA,Fox Corporation,58.42,USD,1.8479776847977727,6202268,1.5532664217142973,23711943544.697002,USD,14.059491721216789,4.1552,USD,-11.088286900329528,0.958856345885635,Consumer services,Buy
EQR,Equity Residential,62.78,USD,0.09566326530612608,1676754,0.6584195729697371,23679753859,USD,21.539833939477116,2.9146,USD,9.431553653225196,4.41645408163265,Finance,Buy
FOX,Fox Corporation,53.24,USD,1.6418480336006098,2035485,1.0848045187037825,23663953051.77625,USD,12.812860993453986,4.1552,USD,-11.088286900329528,1.0500190912562,Consumer services,Buy
SW,Smurfit WestRock plc,45.19,USD,-0.02212389380532105,4559223,0.7723213237566784,23617197977.960617,USD,34.12884223245978,1.3241,USD,-57.98641959639548,3.85995575221239,Process industries,Strong buy
FLEX,Flex Ltd.,63.94,USD,1.3633481293595424,2388158,0.6894981311159674,23509073058.35257,USD,28.621307072515666,2.234,USD,-9.55831747702522,0,Electronic technology,Strong buy
VLTO,Veralto Corp,94.7,USD,-0.9828523630280193,1683590,0.7867586738018694,23470765405.407776,USD,25.21500652341774,3.7557,USD,12.557317109719184,0.480970305311585,Producer manufacturing,Buy
DLTR,"Dollar Tree, Inc.",117.85,USD,-0.4729330293049593,2629070,0.959051873512123,23434847979.793934,USD,,-13.47,USD,-182.3070796831119,0,Retail trade,Neutral
DRI,"Darden Restaurants, Inc.",203.41,USD,-3.4140550807217465,1745228,1.7009328178377157,23420475869.20859,USD,21.316887091027226,9.5422,USD,9.420115357712094,2.80151946818613,Consumer services,Buy
GIS,"General Mills, Inc.",43.56,USD,-2.2002694207453906,8096917,1.2090706102831905,23242836417.809612,USD,9.406785151273025,4.6307,USD,0.7615814783384499,5.45577009429726,Consumer non-durables,Neutral
DOW,Dow Inc.,32.34,USD,5.204944697462606,13279485,1.124890862083464,23205051250.643467,USD,,-3.6881,USD,-335.55598135019477,5.69290826284971,Process industries,Neutral
CTRA,Coterra Energy Inc.,30.55,USD,-1.132686084142388,6194909,0.7587674911795778,23195780853.506474,USD,13.611049231454668,2.2445,USD,49.50376340504894,2.84789644012945,Energy minerals,Buy
LUV,Southwest Airlines Company,47.15,USD,-1.2565445026178041,7909783,0.7805404294424296,23165643378.096336,USD,54.62866411771521,0.8631,USD,21.51203716739405,1.50785340314136,Transportation,Buy
ZM,"Zoom Communications, Inc.",78.02,USD,6.1496598639455735,7805088,1.278321440874271,22991837704.25197,USD,12.562191057368734,6.2107,USD,93.94497704774693,0,Technology services,Buy
DGX,Quest Diagnostics Incorporated,208.45,USD,0.043194471107686205,508312,0.6096721245606428,22901634001.626266,USD,23.78833008091113,8.7627,USD,13.845654150967917,1.5358034171626,Health services,Buy
MRNA,"Moderna, Inc.",57.8,USD,15.994380895043145,23102912,2.4513049436769085,22827499465.896046,USD,,-7.2618,USD,21.774819027921414,0,Health technology,Neutral
NI,NiSource Inc,47.56,USD,1.7543859649122813,4458943,1.0816273792862094,22759037054.596493,USD,24.349784968257218,1.9532,USD,20.649823954537034,2.4390243902439,Utilities,Buy
KEY,KeyCorp,20.71,USD,1.172447484123117,14238367,0.7321496358865551,22566595630.551056,USD,13.606201957821431,1.5221,USD,,4.00586223742062,Finance,Buy
IP,International Paper Company,42.58,USD,1.2604042806183144,5250559,0.8488822437737034,22544807553.239002,USD,,-6.7014,USD,-525.8642602948653,4.39952437574316,Process industries,Buy
CHRW,"C.H. Robinson Worldwide, Inc.",189.87,USD,-1.7846058348851588,1528543,0.6715830641401559,22522538670.993954,USD,39.28534480974944,4.8331,USD,25.44383305647841,1.28801986343886,Transportation,Buy
LDOS,"Leidos Holdings, Inc.",176.7,USD,-2.1865485745917614,1290954,0.8711706602480719,22333586673.37614,USD,15.86660201497764,11.1366,USD,20.57164510366481,0.902297259894824,Technology services,Buy
BG,Bunge Limited,115.01,USD,-1.3805522208883547,982381,0.7031295237014129,22255479697.506603,USD,21.16605627841066,5.4337,USD,-32.78368114400227,2.40096038415366,Process industries,Buy
JBHT,"J.B. Hunt Transport Services, Inc.",234.92,USD,1.7542339844934303,622975,0.8272284609879071,22224391842.601463,USD,38.2325657091708,6.1445,USD,10.510602327296263,0.766665222852688,Transportation,Buy
ATI,ATI Inc.,161.82,USD,3.0963302752293482,1663362,0.6739542965567944,22159032133.01261,USD,56.733162710794794,2.8523,USD,11.688464249353911,0,Non-energy minerals,Strong buy
CNC,Centene Corporation,44.99,USD,2.6700136923779136,3486943,0.7708280729960243,22124776960.429256,USD,,-13.6222,USD,-318.0843059090982,0,Health services,Neutral
HUM,Humana Inc.,183.11,USD,0.8426038109924006,1441935,0.8432499593268528,22082328317.193027,USD,18.66907281662283,9.8082,USD,-1.5151971563695519,1.94955391562947,Health services,Neutral
BR,"Broadridge Financial Solutions, Inc.",188.74,USD,0.6559650151991991,866072,0.6936954175775334,22035152439.25551,USD,20.891491316427395,9.0343,USD,41.33760951188986,1.97856114340569,Technology services,Buy
RCI,"Rogers Communication, Inc.",40.49,USD,0.3469640644361848,827792,0.9416356567357915,21959422656.433624,USD,4.345365027715391,9.317974379999999,USD,313.82238515860973,3.62713093942691,Communications,Buy
AGI,Alamos Gold Inc.,51.96,USD,-0.5550239234449744,4803292,1.2219245059373702,21817006375.274254,USD,24.521968389540397,2.11891636,USD,221.81944669626543,0.195252694946101,Non-energy minerals,Strong buy
TSN,"Tyson Foods, Inc.",62.92,USD,-0.12698412698412428,2358398,0.6863969479059084,21712312875.495872,USD,110.0384749912557,0.5718,USD,-81.08626620799153,3.20634920634921,Consumer non-durables,Neutral
GPN,Global Payments Inc.,77.57,USD,-0.16731016731017972,2836624,0.5477536920441487,21711943465.62909,USD,13.437386318360558,5.7727,USD,-6.501352423835048,1.28700128700129,Commercial services,Buy
TU,Telus Corporation,13.88,USD,1.2399708242159002,5918094,1.2633512470336106,21666680528.726692,USD,26.26163903354444,0.52852756,USD,14.476331341209717,8.80820458177944,Communications,Buy
THC,Tenet Healthcare Corporation,244.8,USD,0.7905138339921014,1136077,1.2796452649238088,21288542200.434784,USD,15.803846377316832,15.4899,USD,-51.945014069126415,0,Health services,Strong buy
LULU,lululemon athletica inc.,173.21,USD,-0.6082515636655776,2188710,1.030822521685464,21204722169.79721,USD,12.087988778080968,14.3291,USD,3.49507410510502,0,Consumer non-durables,Neutral
AMCR,Amcor plc,45.88,USD,-2.7347890608437546,4476792,0.9852160115493714,21198655196.717403,USD,29.99869229763306,1.5294,USD,-44.47429567237873,5.45897816408734,Process industries,Buy
FSLR,"First Solar, Inc.",197.27,USD,-0.13162557586188978,1882064,0.5282191038958174,21169238743.933937,USD,13.883844995284546,14.2086,USD,18.255210067248157,0,Electronic technology,Buy
ROIV,Roivant Sciences Ltd.,29.52,USD,5.996409335727103,9918107,2.0054643967890837,21127497081.47935,USD,,-1.1685,USD,-706.4182194616977,0,Health technology,Strong buy
PKG,Packaging Corporation of America,232.55,USD,0.4882896897416057,766337,0.752430947444799,20746574648.607296,USD,27.120798637837336,8.5746,USD,-3.9303560624733858,2.16057384841414,Process industries,Buy
AS,"Amer Sports, Inc.",36.97,USD,0.1354279523293531,6602082,1.014014467358501,20616961217.5371,USD,48.574431743529104,0.7611,USD,438.64118895966027,0,Consumer durables,Strong buy
USFD,US Foods Holding Corp.,93.14,USD,0.15053763440860277,2319273,0.9840072876700496,20541276888.497204,USD,31.679194585218188,2.9401,USD,45.874472835524706,0,Distribution services,Buy
TEAM,Atlassian Corporation,76.81,USD,-2.0030620056136685,6379882,0.827113188825603,20330009052.129375,USD,,-0.7194,USD,45.87721938007824,0,Technology services,Buy
PFG,Principal Financial Group Inc,93.5,USD,-0.18148820326678947,1430740,0.6948984649472697,20274085571.234116,USD,17.716386236167956,5.2776,USD,-20.984549047790157,3.28813921212768,Finance,Neutral
PSTG,"Pure Storage, Inc.",61.36,USD,-0.6154842889536809,4558221,0.9634525709778909,20259333693.26336,USD,112.54585473220835,0.5452,USD,78.22817914351096,0,Electronic technology,Buy
TME,Tencent Music Entertainment Group,14.14,USD,-0.49261083743842565,5517657,1.0146819705716212,20190275258.972458,USD,14.671093587881304,0.9638,USD,80.6560449859419,1.22871217452498,Technology services,Strong buy
MDB,"MongoDB, Inc.",248.01,USD,-1.8676057452617416,4009643,1.2664659576331632,20185968605.898743,USD,,-0.8891,USD,50.346252652742095,0,Technology services,Buy
FUTU,Futu Holdings Limited,146.26,USD,1.0780926053904647,1991034,1.3197983069749386,20146219205,USD,16.37703229273973,8.9308,USD,119.07471912868566,0,Finance,Strong buy
TROW,"T. Rowe Price Group, Inc.",91.99,USD,-1.530721472918012,2529805,1.3713284931282743,20060526274.831406,USD,9.94938242228904,9.2458,USD,1.0116680505178421,5.43780774994648,Finance,Sell
RVMD,"Revolution Medicines, Inc.",101.19,USD,0.6965867250472713,1568206,0.5563480858197519,20053164464.987762,USD,,-5.9165,USD,-65.84442887175894,0,Health technology,Strong buy
CSGP,"CoStar Group, Inc.",47.6,USD,1.7528858486532712,4337597,0.5927827070230395,19982160769.653698,USD,2800,0.017,USD,-94.9985289791115,0,Technology services,Buy
IFF,"International Flavors & Fragrances, Inc.",78.19,USD,-1.2253663466397158,1287684,0.7954855249426452,19975784930.851948,USD,,-1.3696,USD,-244.4268691342402,2.02122283981809,Consumer non-durables,Buy
LYB,LyondellBasell Industries NV,61.92,USD,6.373475347878372,8495662,1.199870082344219,19948765027.782166,USD,,-2.3387,USD,-156.4726052205829,9.36265246521216,Process industries,Neutral
ALB,Albemarle Corporation,168.35,USD,2.1975353608935864,2535487,1.0121574889200022,19839579204.321617,USD,,-5.7554,USD,48.60378099856226,0.983427426698234,Process industries,Buy
EXAS,Exact Sciences Corporation,103.5,USD,0.1257618264486751,2285462,1.0256395297516026,19756930685.493855,USD,,-1.1046,USD,80.14273644093694,0,Health technology,Neutral
FLUT,Flutter Entertainment plc,112.68,USD,1.149012567324956,3304682,0.5012055418616969,19753026411.506283,USD,,-1.8071,USD,-920.6630336058128,0,Consumer services,Strong buy
SBS,Companhia de saneamento Basico Do Estado De Sao Paulo - Sabesp,29.13,USD,3.8502673796791385,1650621,1.3877406035913835,19721664613.9885,USD,16.591672837045053,1.7557,USD,-26.876301541024567,3.12896962296417,Utilities,Strong buy
ILMN,"Illumina, Inc.",128.97,USD,-0.45538746526706037,1308132,0.5441185266723861,19719511841.300713,USD,23.605315176806503,5.4636,USD,,0,Health technology,Buy
INCY,Incyte Corporation,98.86,USD,0.8055470582237242,1628585,0.9581711435565515,19674571490.179058,USD,15.438673204859917,6.4034,USD,2261.135693215339,0,Health technology,Buy
DD,"DuPont de Nemours, Inc.",48.08,USD,-0.39361922519164044,3466079,0.9431101753146347,19661059310.12057,USD,,-1.865,USD,-211.66995988264173,2.96250258960017,Process industries,Strong buy
NTAP,"NetApp, Inc.",99.55,USD,0.7693086344771646,1393600,0.5132035194065576,19644242877.89351,USD,16.652169549362682,5.9782,USD,10.629556978422587,2.10547626277963,Electronic technology,Buy
ENTG,"Entegris, Inc.",129,USD,1.7430396718984096,2406903,1.0822101447239005,19608000141.422825,USD,83.31718659174578,1.5483,USD,-19.69398340248962,0.315482293556274,Producer manufacturing,Buy
EXPD,"Expeditors International of Washington, Inc.",146.85,USD,-0.8038368008646296,1018555,0.5242220753461763,19605014132.13895,USD,24.683161327192657,5.9494,USD,3.9269119239772237,1.04025938935423,Transportation,Sell
SMCI,"Super Micro Computer, Inc.",32.65,USD,6.421121251629723,31472316,1.1742838931682673,19557005440.335724,USD,24.246249814347244,1.3466,USD,-41.24781849912739,0,Electronic technology,Buy
EVRG,"Evergy, Inc.",84.32,USD,-0.10662243809975527,2321746,0.8688216774441155,19417345435.014805,USD,22.97672897705597,3.6698,USD,-3.163838826292316,3.19571140860088,Utilities,Buy
PTC,PTC Inc.,162.97,USD,-0.0797057020232958,1030993,0.9580503960231811,19392797854.258125,USD,23.800969739455542,6.8472,USD,111.20947592461212,0,Technology services,Buy
ALAB,"Astera Labs, Inc.",113.77,USD,3.615664845173041,5437450,1.3052903887926293,19365303384.20155,USD,93.3382558044138,1.2189,USD,,0,Electronic technology,Buy
BEKE,KE Holdings Inc,17.05,USD,2.834740651387228,5197779,1.2442931067324505,19302433730.60074,USD,41.333333333333336,0.4125,USD,-16.039079991858344,1.86972255729795,Finance,Strong buy
SQM,Sociedad Quimica y Minera S.A.,72.02,USD,4.680232558139533,928084,0.6933413578339586,19198627177.10882,USD,34.97474747474747,2.0592,USD,,0,Process industries,Buy
RBA,"RB Global, Inc.",103.27,USD,2.7357739753282933,1629913,0.9419257885827762,19197892028.294807,USD,49.54770292780625,2.08425404,USD,8.798543187589997,1.22622897094166,Technology services,Strong buy
CG,The Carlyle Group Inc.,52.5,USD,1.6260162601626085,3759209,1.0692652206874562,18961480122.967484,USD,24.01427133839539,2.1862,USD,-21.450129347513652,2.710027100271,Finance,Buy
PHYS,Sprott Physical Gold Trust ETV,39.17,USD,0.901597114889236,6170478,1.1855808947275923,18925604040,USD,4.155615438477371,9.4258,USD,55.13421879886109,0,Miscellaneous,No rating
APG,APi Group Corporation,43.13,USD,-0.36960036960036174,2442171,0.7795395848307113,18781221351.894436,USD,,-0.7539,USD,-20.450551206262983,0,Industrial services,Strong buy
ZBH,"Zimmer Biomet Holdings, Inc.",95.75,USD,-2.265999795855873,1765135,0.9015654678516638,18733678543.58222,USD,26.99768792646478,3.5466,USD,-20.069414707804643,0.979891803613351,Health technology,Neutral
TWLO,Twilio Inc.,122.99,USD,-0.42101854100883346,2142568,0.9250344766785162,18634708112.703587,USD,623.9979705733131,0.1971,USD,,0,Technology services,Buy
LNT,Alliant Energy Corporation,72.3,USD,0.09691264017720223,1858146,0.4707121611800541,18591283496.54022,USD,23.00276796792975,3.1431,USD,17.000446694460994,2.8485393880659,Utilities,Buy
CRDO,Credo Technology Group Holding Ltd,102.54,USD,5.385405960945539,9137627,1.2489578095955942,18521976521.376568,USD,56.818307751980946,1.8047,USD,13072.992700729927,0,Technology services,Strong buy
RIVN,"Rivian Automotive, Inc.",14.92,USD,-1.1920529801324484,23847612,0.991219418733291,18515567843.66623,USD,,-3.0657,USD,35.07761377353296,0,Consumer durables,Neutral
YUMC,"Yum China Holdings, Inc.",52.33,USD,-0.07637960664502415,1401677,0.7985713786797372,18477536094.866528,USD,20.937024885972633,2.4994,USD,7.417913013580887,1.83311055948062,Consumer services,Strong buy
NVT,nVent Electric plc,113.83,USD,1.9525302283922907,2580109,1.1244294197579179,18409664873.25445,USD,26.648094390860564,4.2716,USD,116.8875349073369,0.725481415136588,Electronic technology,Strong buy
ZTO,ZTO Express (Cayman) Inc.,22.82,USD,-2.311643835616435,1500812,0.6408882038226832,18204262848.008404,USD,15.297982167996246,1.4917,USD,4.41691166176676,2.69691780821918,Transportation,Strong buy
SSNC,"SS&C Technologies Holdings, Inc.",75.2,USD,0.5616474993313743,1553110,0.6179801993750208,18161197872.158333,USD,22.386948885118038,3.3591,USD,20.199670793673523,1.39074618882054,Technology services,Buy
SGI,Somnigroup International Inc.,85.76,USD,-0.4295831882038667,1443490,0.7474108261771336,18038811163.359577,USD,55.928003130298684,1.5334,USD,-29.882482052220034,0.696621386276559,Consumer durables,Buy
DKS,Dick's Sporting Goods Inc,200.32,USD,-0.5658691551672862,933945,0.8732244636926667,18022644697.17939,USD,16.10677816193616,12.437,USD,-11.138261919562167,2.40742579172044,Retail trade,Buy
MTSI,"MACOM Technology Solutions Holdings, Inc.",239,USD,-0.8339902908592967,851921,0.8166577979502864,17927860545.691048,USD,112.36483309826048,2.127,USD,,0,Electronic technology,Buy
WST,"West Pharmaceutical Services, Inc.",248.84,USD,-1.010422467976765,1317698,1.84771791697358,17921828418.752804,USD,36.62913078678148,6.7935,USD,1.550121079852909,0.342111544275599,Health technology,Strong buy
FTV,Fortive Corporation,58,USD,-0.05169739789764111,1903811,0.586891952792309,17855832754.43736,USD,33.471837488457986,1.7328,USD,-26.62290916790176,0.482509047044632,Electronic technology,Neutral
WY,Weyerhaeuser Company,24.82,USD,0.20185708518369283,4711680,0.7962887315278085,17850871836,USD,55.438909984364535,0.4477,USD,-17.550644567219162,3.39119903108599,Finance,Buy
MKC,"McCormick & Company, Incorporated",65.7,USD,-2.911186641052163,3070560,1.1187330993263649,17639274550.591103,USD,22.397981795247674,2.9333,USD,0.32148842299667746,2.70430028077435,Consumer non-durables,Buy
HPQ,HP Inc.,19.18,USD,0.8942661756969918,13774212,0.6150977248821323,17541072488.92372,USD,7.243749527909962,2.6478,USD,-4.858066834351411,6.14518674381904,Technology services,Neutral
TPG,TPG Inc.,45.57,USD,2.727682596934177,2871194,0.5551675939846251,17506786634.3555,USD,102.17488789237667,0.446,USD,,4.64382326420198,Finance,Buy
MGA,"Magna International, Inc.",61.97,USD,0.30754289414049485,1376809,0.6624851335179343,17464028674.503967,USD,20.799786670782453,2.97935748,USD,-11.113046625905987,3.20013969456612,Producer manufacturing,Neutral
JBS,JBS N.V.,16.33,USD,0.9270704573547502,5073013,1.1801352915914214,17448750192.67429,USD,10.739181901880835,1.5206,USD,119.45446673401645,0.0132242150803461,Consumer non-durables,Strong buy
LI,Li Auto Inc.,17.23,USD,0.996483001172343,3239393,1.4958151808622422,17400659103.67997,USD,28.84164713759625,0.5974,USD,-54.92001207364926,0,Consumer durables,Buy
TOST,"Toast, Inc.",29.47,USD,1.2366884232222586,10698519,0.9411464356331405,17357830363.43971,USD,53.9941370465372,0.5458,USD,,0,Technology services,Buy
CX,"Cemex, S.A.B. de C.V. Sponsored",11.94,USD,4.73684210526315,6314267,1.0783893206467015,17320909936.59,USD,18.400369856680534,0.6489,USD,2.6253360746481196,0.770263157894737,Non-energy minerals,Buy
PSLV,Sprott Physical Silver Trust ETV,27.22,USD,0.36873156342182106,10831580,0.4586915630883565,17296376640,USD,5.136915208816925,5.2989,USD,71.6632110923934,0,Miscellaneous,No rating
TXT,Textron Inc.,99.31,USD,0.7711821410451599,1033638,0.687086942883278,17296072955.350887,USD,19.423419194586245,5.1129,USD,18.31034801925212,0.0811770674784373,Electronic technology,Buy
BALL,Ball Corporation,64.78,USD,-0.6441717791411069,1656057,0.8462147984077606,17236478846.06871,USD,24.235848703655208,2.6729,USD,,1.22699386503067,Process industries,Buy
PODD,Insulet Corporation,242.89,USD,0.43417135296062803,1000996,0.7810084208804879,17098448023.573809,USD,69.38326620390207,3.5007,USD,-39.52319253692666,0,Health technology,Strong buy
CHKP,Check Point Software Technologies Ltd.,158.04,USD,-1.039448966812772,1176610,0.6551635929476354,16966339793.431936,USD,16.400315470507657,9.6364,USD,29.250496271259195,0,Technology services,Buy
VTRS,Viatris Inc.,14.71,USD,-1.2088650100738731,12586916,0.9699955793121674,16936988806.21155,USD,,-2.9602,USD,-454.76011994003,3.22364002686367,Health technology,Buy
AFRM,"Affirm Holdings, Inc.",50.72,USD,6.042232908216602,7244167,1.0740264565284396,16895373453.762074,USD,62.393898388485674,0.8129,USD,,0,Finance,Buy
HOLX,"Hologic, Inc.",75.67,USD,0.27829313543600315,2582416,1.1674746049625682,16892941648.180891,USD,31.398340248962654,2.41,USD,-23.748655318610385,0,Health technology,Neutral
GMAB,Genmab A/S,28.18,USD,1.8799710773680387,1448760,0.736022776286691,16864949250.845,USD,18.204134366925064,1.548,USD,-11.623658369490752,0,Health technology,Buy
WES,"Western Midstream Partners, LP",42.28,USD,1.634615384615384,1641329,0.8741971421667211,16644259173.14327,USD,14.122519874407109,2.9938,USD,-25.545884108430744,8.75,Industrial services,Neutral
IOT,Samsara Inc.,28.69,USD,-0.8638562543192813,4456431,0.668684710794899,16554246038.856256,USD,,-0.075,USD,83.991462113127,0,Technology services,Strong buy
NLY,Annaly Capital Management Inc.,22.95,USD,-0.3906249999999994,6956954,0.9683653129613276,16551637689,USD,8.255395683453237,2.78,USD,75.78248498261144,12.1527777777778,Finance,Buy
QXO,"QXO, Inc.",23.26,USD,5.968109339407755,7471205,1.2937799861347166,16480901682.388157,USD,,-0.5851,USD,18.9612188365651,0,Distribution services,Strong buy
TRMB,Trimble Inc.,69.92,USD,1.0989010989011063,1579340,0.8786255668946855,16356345412.175825,USD,39.72501562411227,1.7601,USD,-71.15346794283465,0,Technology services,Strong buy
VNOM,"Viper Energy, Inc.",44.65,USD,-0.29030817329165376,8933486,1.8104012176388375,16241302207.907547,USD,,-0.233,USD,-106.34393378348943,5.20321572130415,Miscellaneous,Strong buy
AA,Alcoa Corporation,61.55,USD,-3.5870927318295838,13991920,2.237835733057461,16239336787.00736,USD,13.721381278284326,4.4857,USD,,0.6265664160401,Non-energy minerals,Neutral
J,Jacobs Solutions Inc.,138.15,USD,-0.525633640552988,632397,0.7247897137135814,16225263374.64898,USD,37.91579756284993,3.6436,USD,-24.940774158993058,0.950460829493088,Technology services,Buy
SN,"SharkNinja, Inc.",114.86,USD,-0.7603248660791391,2139170,1.2714147111972363,16223154472.472439,USD,23.26843992463991,4.9363,USD,58.830721709192716,0,Consumer durables,Strong buy
WPC,W. P. Carey Inc. REIT,73,USD,-1.0706057731400003,968250,0.5283321347073697,16172523965,USD,34.59223807041653,2.1103,USD,0.8651180575470799,4.90581379590731,Finance,Neutral
HTHT,H World Group Limited,52.56,USD,-0.39795338260375374,1376257,0.8011662476270756,16113476409.32839,USD,30.42899322642274,1.7273,USD,8.328629664471624,3.29732802728823,Consumer services,Strong buy
CDW,CDW Corporation,124.87,USD,-0.3272669220945056,1619805,0.859330092773729,16107429590.07775,USD,15.452295507981686,8.081,USD,1.3520292981487887,2.00351213282248,Technology services,Buy
CF,"CF Industries Holdings, Inc.",104.71,USD,-1.4957666980244624,3627611,1.0274384368663128,16090662944.024456,USD,11.643629974757863,8.9929,USD,32.936672185430474,1.88146754468485,Process industries,Neutral
OWL,Blue Owl Capital Inc.,10.34,USD,0.6815968841285325,31804785,0.6434283132936816,16074249886.50633,USD,167.58508914100486,0.0617,USD,-57.99863852961198,8.76338851022396,Finance,Buy
COO,"The Cooper Companies, Inc.",81.98,USD,-1.6672664027827762,2661193,1.5980083330601123,16066279211.016436,USD,43.74833235498159,1.8739,USD,-4.187544738725845,0,Health technology,Buy
GFL,"GFL Environmental Inc. Subordinate voting shares, no par value",44.77,USD,-1.2135922330097024,3591545,2.9092692783150413,16024225234.90607,USD,,-2.7438575999999997,USD,-106.89361726833997,0.137856681730148,Industrial services,Buy
INVH,Invitation Homes Inc.,26.83,USD,2.092846270928452,8479713,1.1534734178087143,16014665743,USD,44.61999002161983,0.6013,USD,76.90497205060312,4.45205479452055,Finance,Buy
GPC,Genuine Parts Company,115.64,USD,-0.6699879745748163,1280886,0.7153025203171535,15914621254.139494,USD,250.62852188990033,0.4614,USD,-92.86719124399029,3.53891084006185,Distribution services,Buy
KIM,Kimco Realty Corporation (HC),23.56,USD,0.12749681257967524,4233561,0.5391146457924552,15860788747,USD,28.833680088116505,0.8171,USD,48.07901413555638,4.29239269018275,Finance,Buy
PNR,Pentair plc.,96.93,USD,-0.6559393256123669,2237597,1.476659658859221,15822436595.714363,USD,24.52433964173667,3.9524,USD,5.588801025860228,1.04540330019473,Producer manufacturing,Buy
MKSI,MKS Inc.,235.23,USD,1.1480908152734723,1137856,0.7000451641644473,15818831481.460653,USD,53.81729163330207,4.3709,USD,55.55911452772438,0.391296869625043,Producer manufacturing,Buy
APTV,Aptiv PLC,73.39,USD,2.7871148459383677,2727391,1.4122864876659873,15613606370.089775,USD,58.273781165634425,1.2594,USD,-85.93729063379337,0,Producer manufacturing,Buy
XPEV,XPeng Inc.,16.17,USD,1.8903591682419816,6145500,1.313007760964432,15506341178.34061,USD,,-0.4163,USD,51.34977211639593,0,Consumer durables,Buy
FIG,FIGMA INC,29.64,USD,-3.578399479505524,12026582,0.4367119165249119,15463665435.411842,USD,,-2.5614,USD,-70.54397762833743,0,Technology services,Neutral
DECK,Deckers Outdoor Corporation,108.74,USD,-1.0194793373384348,1683186,0.7389463990726569,15435639435.711449,USD,15.360492711040795,7.0792,USD,14.901559786401778,0,Consumer non-durables,Buy
NXT,Nextpower Inc.,103.88,USD,2.688809806247528,2224079,1.2433315159200318,15423671371.935946,USD,26.53926728322518,3.9142,USD,3.132822174795141,0,Electronic technology,Buy
PAA,"Plains All American Pipeline, L.P.",21.83,USD,2.0570359981299564,4636642,1.7253925952652496,15401756075.13698,USD,12.986317668054728,1.681,USD,129.73896405630722,7.28143992519869,Industrial services,Neutral
PR,Permian Resources Corporation,18.53,USD,0.7612833061446469,17383290,1.3262729556962718,15366883250.34693,USD,14.84181017220665,1.2485,USD,-12.508759635599166,3.2626427406199,Energy minerals,Strong buy
GGG,Graco Inc.,92.93,USD,0.5191995673336982,681326,0.7378499550083567,15364887954.634508,USD,30.126106266411643,3.0847,USD,9.405923035999294,1.21146565711195,Producer manufacturing,Buy
EWBC,"East West Bancorp, Inc.",111.59,USD,0.9864253393665189,857365,0.7971174298412264,15357313232.28896,USD,11.706882081409988,9.532,USD,14.403677432518405,2.35294117647059,Finance,Buy
CDE,"Coeur Mining, Inc.",23.76,USD,-1.4925373134328335,15441158,0.6970091602795276,15256237942.656715,USD,25.809254833804044,0.9206,USD,539.7498262682418,0,Non-energy minerals,Buy
KTOS,"Kratos Defense & Security Solutions, Inc.",89.13,USD,0.20236087689712492,3335641,0.4880815680271932,15181437741.215176,USD,677.2796352583587,0.1316,USD,23.452157598499056,0,Electronic technology,Buy
CPT,Camden Property Trust,108.75,USD,0.517607912006657,610577,0.6358143139835163,14941927659,USD,30.78992072480181,3.532,USD,135.34115138592753,3.88205934004991,Finance,Neutral
TRU,TransUnion,77.48,USD,-2.2087593083427994,1769964,0.6679316618802289,14922649105.04102,USD,33.46145540919888,2.3155,USD,59.744739565367375,0.593209642812066,Commercial services,Strong buy
AKAM,"Akamai Technologies, Inc.",102.98,USD,0.8816614420062753,2813504,0.46606348678470455,14920577556.904781,USD,33.48398634368396,3.0755,USD,-5.752022554547683,0,Technology services,Buy
WMG,Warner Music Group Corp.,28.29,USD,-0.45742434904997376,1216400,0.4853061436350587,14777173446.53413,USD,48.90233362143474,0.5785,USD,-40.64231479581367,2.63898662913441,Commercial services,Buy
CNH,CNH Industrial N.V.,11.9,USD,-1.3266998341625218,7959600,0.5512163095207971,14767265711.252073,USD,29.20962199312715,0.4074,USD,-60.86455331412104,2.07296849087894,Producer manufacturing,Buy
HUBS,"HubSpot, Inc.",278.59,USD,1.1693358027381233,1057465,0.5413177866838379,14692985590.057446,USD,320.2183908045977,0.87,USD,913.986013986014,0,Technology services,Strong buy
OVV,Ovintiv Inc. (DE),51.72,USD,-0.135161228036301,4222493,0.7126585859966077,14654111271.067774,USD,10.60314076017877,4.8778,USD,16.15468876506167,2.31704962347944,Energy minerals,Buy
REG,Regency Centers Corporation,79.6,USD,-0.20060180541626227,1586726,1.2736095913985122,14588627232,USD,28.26604168886048,2.8161,USD,33.35069608864475,3.59829488465396,Finance,Buy
HL,Hecla Mining Company,21.76,USD,0.2764976958525451,15670300,0.6449181306923096,14586811996.962215,USD,44.940107393638996,0.4842,USD,760.0355239786855,0.0691244239631337,Non-energy minerals,Neutral
IREN,IREN Limited,43.84,USD,12.844272844272849,39071701,1.1641565515912609,14544322220.997684,USD,50.22914757103575,0.8728,USD,,0,Technology services,Buy
TOL,"Toll Brothers, Inc.",153.56,USD,-0.06507874528178727,1002203,0.8051064256410223,14543207378.70129,USD,10.970843960534683,13.9971,USD,-3.6596277738010072,0.65078745281791,Consumer durables,Buy
ROKU,"Roku, Inc.",97.51,USD,3.6568512809609994,4591835,1.2854142316424872,14375682430.172321,USD,169.67113276492083,0.5747,USD,,0,Technology services,Strong buy
RTO,Rentokil Initial plc,28.75,USD,-1.6084873374401059,2504286,1.7670992131238141,14334815897.704998,USD,43.66646415552856,0.6584,USD,-32.53407111384363,1.90383983572895,Commercial services,Buy
YPF,YPF Sociedad Anonima,35.2,USD,1.5286991635419702,1329764,0.9707017236371394,14300458852.105558,USD,,-1.2071,USD,57.23143424036281,0,Energy minerals,Buy
ONON,On Holding AG,43.23,USD,-1.5486221817353671,8338204,1.364181804370481,14273121631.063086,USD,58.21438190142741,0.7426,USD,-11.763307984790872,0,Consumer non-durables,Buy
PFGC,Performance Food Group Company,90.82,USD,-1.3362303096143444,1395389,0.8299031312110151,14267728792.336773,USD,41.23870499023747,2.2023,USD,-11.233373639661416,0,Transportation,Strong buy
CLX,Clorox Company (The),117.43,USD,-3.070573669005364,2712102,1.5209272731371613,14198679617.05481,USD,19.186967959086974,6.1203,USD,67.26701284503964,4.07758976475444,Consumer non-durables,Neutral
BBY,"Best Buy Co., Inc.",67.39,USD,2.1834723275208456,5646112,0.8875558662969983,14120570441.113571,USD,13.355662134844822,5.0458,USD,18.002806361085128,5.76194086429113,Retail trade,Neutral
AG,First Majestic Silver Corp.,28.65,USD,0.9869580542826843,14851102,0.5573988407902729,14073706590.576773,USD,84.17541062616282,0.34036067999999997,USD,,0.0812825806451613,Non-energy minerals,Buy
GLPI,"Gaming and Leisure Properties, Inc.",49.77,USD,0.3629764065335747,2299163,0.7559688783857911,14044970706,USD,16.93490761849672,2.9389,USD,2.5686664572645057,6.25126033474491,Finance,Buy
OHI,"Omega Healthcare Investors, Inc.",47.38,USD,-0.1685630004214039,1501168,0.8229231410021041,14027752277,USD,24.5276181601698,1.9317,USD,26.238400209122986,5.64686051411715,Finance,Buy
MAS,Masco Corporation,68.44,USD,0.6026752903130922,1846089,0.7586307760928256,13934867683.57842,USD,17.75679111641543,3.8543,USD,2.67728701582396,1.83742466558871,Producer manufacturing,Buy
RRX,Regal Rexnord Corporation,209.51,USD,-2.485454968582734,932213,1.0494349937447927,13932327481.67098,USD,49.86789803156166,4.2013,USD,42.581280119459706,0.6516174074936,Producer manufacturing,Buy
NWS,News Corporation,26.69,USD,1.7925247902364698,1201813,0.8243392976222272,13914801663.59306,USD,34.693877551020414,0.7693,USD,6.110344827586208,0.7627765064836,Consumer services,Buy
BEN,"Franklin Resources, Inc.",26.58,USD,0.30188679245282374,4274224,0.8367871180848939,13841891909.218868,USD,24.463874827427517,1.0865,USD,66.61554976230639,4.86792452830189,Finance,Neutral
PNFP,"Pinnacle Financial Partners, Inc.",91.51,USD,0.3069165844568685,2732420,1.8247224170356398,13836312229.702839,USD,11.29376627543905,8.1027,USD,35.42645117079775,1.33727940370492,Finance,Buy
TSEM,Tower Semiconductor Ltd.,123.5,USD,-1.617143312355613,2129318,1.1412522013659323,13801942721.903131,USD,63.69262506446622,1.939,USD,4.748527902328351,0,Electronic technology,Buy
NWSA,News Corporation,24.03,USD,0.9239815203696027,2523118,0.6246660186090767,13796073816.323816,USD,31.23618874301313,0.7693,USD,6.110344827586208,0.839983200335993,Consumer services,Buy
FNF,"Fidelity National Financial, Inc.",50.76,USD,0.19739439399921324,1475367,0.6842009486648629,13762943176.242401,USD,22.934080332535128,2.2133,USD,-52.45736134381579,3.98736675878405,Finance,Buy
ARCC,Ares Capital Corporation,19.13,USD,0.9498680738786266,7500048,0.7389679879539924,13735778404.07757,USD,10.312668463611859,1.855,USD,-24.223856209150327,10.131926121372,Finance,Strong buy
HAS,"Hasbro, Inc.",97.13,USD,-0.512137662603708,1608600,0.9714404597161106,13664807532.730001,USD,,-4.0576,USD,45.64428190598669,2.86797091058076,Consumer durables,Buy
IONQ,"IonQ, Inc.",37.13,USD,0.21592442645075685,47410007,2.018241237074334,13613370658.161135,USD,,-5.3543,USD,-555.5215475024487,0,Electronic technology,Strong buy
LTM,LATAM Airlines Group S.A.,51.67,USD,3.4641569883860712,1963004,1.2906309588007505,13602333031.39965,USD,10.580309607666475,4.8836,USD,51.551638530288,3.05703243892671,Transportation,Buy
WLK,Westlake Corporation,106.13,USD,3.1189273221919875,1032057,0.7126716869036063,13575124074.018267,USD,,-11.7038,USD,-352.96215445133686,2.0501360279829,Process industries,Buy
SUZ,Suzano S.A.,10.75,USD,-0.9216589861751119,4335500,1.11435251338219,13559675507.394299,USD,5.68422165820643,1.8912,USD,,1.69186175115207,Process industries,Strong buy
EQX,Equinox Gold Corp.,17.15,USD,-0.46430644225189693,7422924,0.7672833004852851,13519034645.41808,USD,71.60602673063416,0.23950498,USD,-52.94086926054607,0,Non-energy minerals,Strong buy
GEN,Gen Digital Inc.,22.29,USD,-0.49107142857142605,5753409,0.9388164606410455,13500244920.829016,USD,22.995976477870627,0.9693,USD,-4.323363932484439,2.23214285714286,Technology services,Buy
HST,"Host Hotels & Resorts, Inc.",20.12,USD,2.6530612244897935,10898045,1.054232522956452,13480923090,USD,18.24612315226263,1.1027,USD,11.46265035883959,4.08163265306122,Finance,Buy
HRL,Hormel Foods Corporation,24.44,USD,-0.6504065040650412,3005515,0.534771304338156,13448945559.886177,USD,27.500843929334984,0.8887,USD,-35.48925667828106,4.72560975609756,Consumer non-durables,Buy
IAG,Iamgold Corporation,22.82,USD,1.7387427552385224,5062848,0.5766161345341068,13436415654.648403,USD,19.68191472842356,1.15944004,USD,-15.813152925180237,0,Non-energy minerals,Buy
NBIX,"Neurocrine Biosciences, Inc.",133.44,USD,1.7538508464236782,1379623,1.3238554565090122,13392500620.937624,USD,28.58918050348152,4.6675,USD,41.826192646611986,0,Health technology,Strong buy
PSKY,Paramount Skydance Corporation,12.05,USD,-3.2128514056224784,14241878,0.6757907936300824,13299187051.895584,USD,,-0.4432,USD,95.24325716677579,1.60642570281125,Consumer services,Neutral
ELS,"Equity Lifestyle Properties, Inc.",67.9,USD,-0.5273952534427182,1478810,0.47864409860545515,13237497147,USD,34.856262833675565,1.948,USD,3.309291472210438,3.01787283914445,Finance,Buy
IONS,"Ionis Pharmaceuticals, Inc.",79.45,USD,1.004322400203415,2503118,0.9873644996832339,13124506330.192602,USD,,-2.4666,USD,18.829801237330525,0,Health technology,Buy
JHX,James Hardie Industries plc.,22.45,USD,-1.8793706293706283,5040751,1.0103153057001153,13093737300.399912,USD,84.27177177177177,0.2664,USD,-73.55568790946992,0,Non-energy minerals,Buy
KRMN,Karman Holdings Inc.,98.88,USD,8.528152782351,2406753,0.8751321832472693,13084042308.931183,USD,1155.1401869158879,0.0856,USD,-28.00672834314551,0,Electronic technology,Buy
BJ,"BJ's Wholesale Club Holdings, Inc.",99.98,USD,-0.2693266832917666,2896432,1.766936867233096,13082154774.332567,USD,23.040051620039637,4.3394,USD,4.219804500804571,0,Retail trade,Buy
NYT,New York Times Company (The),81.12,USD,-0.35622159439871276,3102903,1.3008004553740438,13079682799.944971,USD,38.748507284451875,2.0935,USD,17.93037404236144,0.884412234369242,Consumer services,Buy
GWRE,"Guidewire Software, Inc.",153.79,USD,1.2242480089514811,2545572,1.294987063976758,13075099107.73119,USD,145.841631104789,1.0545,USD,198.30268741159833,0,Technology services,Strong buy
ALGN,"Align Technology, Inc.",182.16,USD,-0.2628120893561048,866290,0.7857002535710638,12984753670.308805,USD,32.19170819637366,5.6586,USD,0.6277452741272819,0,Health technology,Buy
LOGI,Logitech International S.A. - Registered Shares,92.01,USD,0.44759825327512104,726056,0.8634313874724103,12984615182.324636,USD,18.508224102525833,4.97130354,USD,20.64596665805752,1.78622058406578,Electronic technology,Buy
GNRC,Generac Holdings Inc.,220.89,USD,-0.14465892138692718,741220,0.6793547001058049,12960903824.782331,USD,82.19774494846128,2.6873,USD,-50.208445276166835,0,Producer manufacturing,Buy
BBIO,"BridgeBio Pharma, Inc.",66.54,USD,3.114830311483039,2388811,0.7338042441815763,12899635076.850767,USD,,-3.7842,USD,-32.900189646695225,0,Health technology,Strong buy
PINS,"Pinterest, Inc.",19.38,USD,1.4659685863874217,25928854,1.0328724286618793,12890387859.889002,USD,31.734075650892414,0.6107,USD,-77.41744628924306,0,Technology services,Buy
CRBG,Corebridge Financial Inc.,26.45,USD,5.378486055776883,5968487,1.71184477266976,12740592594.53785,USD,,-0.483,USD,-112.54317396836937,3.82470119521912,Finance,Buy
OKTA,"Okta, Inc.",71.74,USD,-1.0755653612796485,6861610,1.6829842267061021,12714497100.250412,USD,65.86485493940506,1.0892,USD,,0,Technology services,Buy
HMY,Harmony Gold Mining Company Limited,20.27,USD,-1.649684619116933,2856756,0.61094236702496,12639947771.0533,USD,16.07072068500753,1.2613,USD,73.04156948827001,0.809883551673945,Non-energy minerals,Buy
CCK,"Crown Holdings, Inc.",111.3,USD,-1.4084507042253551,777996,0.7957998735101307,12602016986.901407,USD,17.457728142547918,6.3754,USD,78.91339731716899,0.921250775090796,Process industries,Buy
DKNG,DraftKings Inc.,25.43,USD,4.0081799591002065,20248019,1.4131244818080249,12536770765.317793,USD,,-0.0393,USD,96.24928421454477,0,Consumer services,Strong buy
LSCC,Lattice Semiconductor Corporation,91.63,USD,-1.979032948224228,2357591,1.3449879241005402,12533720790.074667,USD,4203.211009174312,0.0218,USD,-95.06564056133998,0,Electronic technology,Buy
ALLY,Ally Financial Inc.,40.41,USD,1.3289869608826328,3694016,1.0211056989917826,12490394913.029337,USD,17.158507069763488,2.3551,USD,-9.342520594349054,3.00902708124373,Finance,Buy
DRS,"Leonardo DRS, Inc.",46.95,USD,3.1641397495056136,1381416,0.8060368861173045,12481478226.51615,USD,45.36231884057972,1.035,USD,30.20505723990437,0.791034937376401,Electronic technology,Buy
DOC,"Healthpeak Properties, Inc.",17.65,USD,0.9148084619782741,6920552,0.7963816317720339,12453649508,USD,174.57962413452026,0.1011,USD,-70.86455331412104,6.97558604917096,Finance,Buy
PNW,Pinnacle West Capital Corporation,102.99,USD,0.9705882352941126,1513471,0.9602358920023221,12452045898.003529,USD,20.372275190884995,5.0554,USD,-3.156967166008975,3.53921568627451,Utilities,Neutral
GIL,"Gildan Activewear, Inc.",67.16,USD,0.49379021397575684,2205242,1.3441290709917884,12436025926.096302,USD,21.389802071078094,3.139814,USD,23.79282548864065,1.39187349529438,Consumer non-durables,Strong buy
SWK,"Stanley Black & Decker, Inc.",79.78,USD,-2.2663236555187973,2427933,1.3288872763249406,12372239522.281517,USD,30.155730269126096,2.6456,USD,40.14938814430259,4.04263138552003,Consumer durables,Neutral
ACM,AECOM,95.42,USD,-0.7798689820110222,809078,0.5052063394098573,12336719884.851408,USD,21.89938492609933,4.3572,USD,23.95311788802912,1.13340958718935,Industrial services,Strong buy
UDR,"UDR, Inc.",37.75,USD,0.7741591030432439,2900483,0.8842436431868651,12308305338,USD,33.63328581610834,1.1224,USD,336.39191290824266,4.59156433529098,Finance,Neutral
SJM,The J.M. Smucker Company,114.73,USD,2.1183800623053046,2896715,0.7938496333750229,12235761938.434269,USD,,-11.7881,USD,-388.9299046038988,3.89853137516689,Consumer non-durables,Buy
BF.B,Brown Forman Inc,26.26,USD,-6.6477070742978945,20146029,3.379410005448045,12220546559.189478,USD,15.328935847294378,1.7131,USD,-19.162891657229146,3.23675790970494,Consumer non-durables,Neutral
GMED,"Globus Medical, Inc.",90.46,USD,-1.352235550708843,817317,0.5829665468470533,12217094710.920609,USD,22.99440772750381,3.934,USD,428.47931219774324,0,Health technology,Buy
SOLV,Solventum Corporation,70.4,USD,-0.5790142635220966,1200552,0.9527515988550652,12213906512.006779,USD,7.9334670603349196,8.8738,USD,221.6660021024395,0,Health services,Buy
GH,"Guardant Health, Inc.",93.02,USD,-0.3001071811361213,1070795,0.4748579754272711,12201474790.410503,USD,,-3.3148,USD,6.772415344808193,0,Health services,Strong buy
AGNC,AGNC Investment Corp.,10.97,USD,-0.2727272727272669,20739661,0.8478605860899804,12196476929,USD,7.870005021881054,1.3939,USD,45.15255649276266,13.0909090909091,Finance,Buy
TTD,"The Trade Desk, Inc.",25.17,USD,0.6800000000000068,22541774,0.9993150930152594,12167881229.664001,USD,27.83676177836762,0.9042,USD,15.848814862267782,0,Technology services,Buy
JKHY,"Jack Henry & Associates, Inc.",168.43,USD,-0.1896296296296256,872084,0.8024472283041516,12155149459.871468,USD,24.178521697937153,6.9661,USD,25.612636817714623,1.37481481481481,Technology services,Buy
ELAN,Elanco Animal Health Incorporated,24.44,USD,-1.7684887459806984,4091327,0.826720769340507,12150786983.84727,USD,,-0.4664,USD,-168.73986735445837,0,Health technology,Strong buy
TIGO,Millicom International Cellular S.A.,72.5,USD,0.6664815329075312,1077110,0.6539478998212847,12110398949.041935,USD,9.25311415152134,7.8352,USD,436.6207793986714,4.16550958067204,Communications,Buy
UNM,Unum Group,73.39,USD,3.863572035097657,1766544,1.1363157001984339,12017893083.28531,USD,17.268641615096826,4.2499,USD,-55.104476981259644,2.54741013303142,Finance,Buy
SMMT,Summit Therapeutics Inc.,15.38,USD,1.786896095301134,2156762,1.1202049146844113,11925231558.02912,USD,,-1.4448,USD,-369.70091027308194,0,Health technology,Buy
SOLS,Solstice Advanced Materials Inc.,75.11,USD,1.6373477672530363,2247016,0.7868589950667059,11923528226.40663,USD,,,,,0,Process industries,Buy
GDDY,GoDaddy Inc.,88.66,USD,-0.6387986103328559,2246761,0.6327958061932599,11823175901.031267,USD,14.210610674787626,6.239,USD,-3.322279728515207,0,Technology services,Buy
TXRH,"Texas Roadhouse, Inc.",178.7,USD,-1.3960161121227177,1055573,0.8320168854248131,11780823671.469404,USD,29.31622809895662,6.0956,USD,-5.769230769230766,1.50085526678806,Consumer services,Buy
BSY,"Bentley Systems, Incorporated",38.87,USD,0.2837977296181616,3027743,0.5837351753527941,11773520550.077656,USD,45.504565675485836,0.8542,USD,18.01602652666482,0.722394220846233,Technology services,Buy
IT,"Gartner, Inc.",166.9,USD,1.286563903386336,1010521,0.6082648259589152,11758154064.22442,USD,17.28906614181385,9.6535,USD,-39.78605289421158,0,Technology services,Neutral
RDY,Dr. Reddy's Laboratories Ltd,14.28,USD,0.2105263157894692,1998537,1.0624669563476905,11736789240.653555,USD,18.324137046066983,0.7793,USD,1.326225458327914,0.501719298245614,Health technology,Neutral
CELH,"Celsius Holdings, Inc.",45.57,USD,-3.2689450222882597,9122648,1.282926374172918,11710397072.567608,USD,192.92972057578325,0.2362,USD,-46.60940325497288,0,Consumer non-durables,Strong buy
AR,Antero Resources Corporation,37.79,USD,0.5320563979781743,6232214,1.134107934725158,11659159567.031656,USD,18.632284784538015,2.0282,USD,1023.656509695291,0,Energy minerals,Buy
SF,Stifel Financial Corporation,75.2,USD,0.6154669521006262,1210982,0.6928422826222209,11640051107.283918,USD,19.180737642197624,3.9206,USD,-5.974050890951385,1.64126304522344,Finance,Buy
BMRN,BioMarin Pharmaceutical Inc.,60.43,USD,3.246198530668031,2042893,0.7776259621151087,11622100659.46096,USD,33.91514199124481,1.7818,USD,-18.98699645357824,0,Health technology,Buy
SCI,Service Corporation International,82.01,USD,-3.9920393350503356,1138304,0.9748563648442149,11417733636.194101,USD,21.565121354755583,3.8029,USD,7.61503197690872,1.52189182861157,Consumer services,Strong buy
WTRG,"Essential Utilities, Inc.",40.24,USD,0.32410870107205825,1821349,0.3586328801168986,11392660359.281975,USD,16.68947783169508,2.4111,USD,20.917753259779328,3.37397157816006,Utilities,Neutral
FHN,First Horizon Corporation,23.47,USD,0.29914529914530036,4655315,0.7520006872385074,11340437657.62564,USD,12.52468114627248,1.8739,USD,38.18302485067471,2.56410256410256,Finance,Buy
AMKR,"Amkor Technology, Inc.",45.77,USD,2.6463332585781556,3989414,0.9196946663152716,11319336024.786947,USD,30.4261118128033,1.5043,USD,5.313637636516388,0.743642072213501,Electronic technology,Neutral
AVAV,"AeroVironment, Inc.",226.48,USD,-0.7971966710468776,1760694,0.6715828258365473,11307213551.399035,USD,,-1.254,USD,-172.6240806162043,0,Electronic technology,Strong buy
WBS,Webster Financial Corporation,70.1,USD,1.9339828413552398,9179105,1.4279600971624025,11301982548.947216,USD,11.864865779763717,5.9082,USD,35.103244837758105,2.32659589937473,Finance,Neutral
BILI,Bilibili Inc.,27.5,USD,3.461249059443197,3346181,2.1055815910892277,11299508154.97989,USD,114.53561016243232,0.2401,USD,,0,Technology services,Buy
EQH,"Equitable Holdings, Inc.",40.14,USD,2.163400356324768,3372660,0.8789802592614648,11253162534.006107,USD,,-4.8279,USD,-226.31868131868126,2.67243573428353,Finance,Strong buy
IVZ,Invesco Ltd,25.26,USD,-0.2763521515988817,6142969,1.3424425685507455,11207199323.395975,USD,,-1.6169,USD,-236.62019433882548,3.31622581918674,Finance,Buy
DT,"Dynatrace, Inc.",37.26,USD,0.5939524838012928,6219445,0.740170902861061,11112837347.036177,USD,61.38385502471169,0.607,USD,-61.88383045525902,0,Technology services,Buy
SKM,"SK Telecom Co., Ltd.",31.5,USD,7.58196721311475,5788683,3.5700245092612644,11075756809.829823,USD,,,,,2.9321174863388,Communications,Buy
MOD,Modine Manufacturing Company,209.93,USD,-1.1256593820648015,1220581,1.1318615071796803,11069859842.087746,USD,116.55007772596048,1.8012,USD,-39.41677037435674,0,Producer manufacturing,Strong buy
RVTY,"Revvity, Inc.",98.49,USD,2.6472120896300075,1179210,1.1013851351067365,11011120333.660862,USD,47.11538461538462,2.0904,USD,-13.221802482460884,0.291818655549766,Health technology,Buy
Z,"Zillow Group, Inc.",45.82,USD,1.3044439531284622,3681845,0.7067837937213227,11006993274.424498,USD,508.5460599334073,0.0901,USD,,0,Technology services,Buy
ZG,"Zillow Group, Inc.",46.1,USD,1.2741652021089593,1102804,0.8778515544714148,11003703408.789543,USD,511.65371809101003,0.0901,USD,,0,Technology services,Buy
CFLT,"Confluent, Inc.",30.75,USD,0,8511933,0.9591959864003149,10997568223,USD,,-0.8587,USD,19.994409764278387,0,Technology services,Neutral
APA,APA Corporation,31.1,USD,-2.3547880690737832,7418378,0.8284596616150364,10986120688.194662,USD,7.809753402641756,3.9822,USD,77.14412811387899,3.13971742543171,Energy minerals,Neutral
RBRK,"Rubrik, Inc.",54.87,USD,1.8563207722294413,2579280,0.8650766167068441,10982261131.251347,USD,,-1.9578,USD,69.39359357168541,0,Technology services,Strong buy
MP,MP Materials Corp.,61.61,USD,0.34201954397394274,4447387,0.8080680362061471,10946091863.416613,USD,,-0.5181,USD,10.47174701918092,0,Non-energy minerals,Strong buy
BWA,BorgWarner Inc.,52.8,USD,-2.4390243902439033,2535823,0.7308782870706388,10932174686.82927,USD,43.60393096044264,1.2109,USD,-15.096059458701433,1.03473762010347,Producer manufacturing,Buy
XP,XP Inc.,20.72,USD,2.169625246548312,3930093,0.5133725418756433,10918241982.473372,USD,,,,,0.000887573964497041,Finance,Buy
TTMI,"TTM Technologies, Inc.",105.14,USD,1.0475732820759283,1380259,0.6865011696928807,10871993868.813068,USD,62.55726780508121,1.6807,USD,210.37857802400742,0,Electronic technology,Strong buy
AMH,American Homes 4 Rent,30.03,USD,0.6367292225201115,3323967,0.49173355729622675,10855084246,USD,25.44483985765125,1.1802,USD,9.38919269626471,4.02144772117963,Finance,Buy
EHC,Encompass Health Corporation,108.95,USD,0.8702897879825919,839387,0.938730082291691,10831390909.796778,USD,19.659677361146198,5.5418,USD,24.22775162519614,0.666604943986668,Health services,Strong buy
EXEL,"Exelixis, Inc.",41.69,USD,2.331860579283249,4254229,1.2388059927493857,10827255281.392733,USD,14.976470165606925,2.7837,USD,57.049365303244016,0,Health technology,Buy
ARMK,Aramark,41.08,USD,0.5384238864415047,1265801,0.6211844030917272,10797302981.543808,USD,34.541326830908936,1.1893,USD,-6.317447814100043,1.10132158590308,Consumer services,Buy
WYNN,"Wynn Resorts, Limited",103.33,USD,1.0265936644505251,2817977,1.5333233940374018,10775591922.09386,USD,32.89088362617775,3.1416,USD,-26.440011239112117,0.977708251857646,Consumer services,Strong buy
AM,Antero Midstream Corporation,22.77,USD,-0.21910604732690936,1828026,0.5863110943587893,10772054081.633217,USD,26.628464507075197,0.8551,USD,3.6359229184341326,3.94390885188431,Industrial services,Sell
GME,GameStop Corporation,23.87,USD,0.20990764063812223,3485561,0.747001646160932,10693985683.735096,USD,29.035397153630946,0.8221,USD,359.7874720357943,0,Retail trade,Neutral
NTNX,"Nutanix, Inc.",40.32,USD,-0.9336609336609399,3513411,0.4297405246969335,10693351958.187716,USD,44.15243101182654,0.9132,USD,,0,Technology services,Buy
BLDR,"Builders FirstSource, Inc.",95.99,USD,-1.4982042072857957,2070577,1.004307375018583,10616980530.904976,USD,24.653277172796383,3.8936,USD,-56.9477769546324,0,Retail trade,Buy
BVN,Buenaventura Mining Company Inc.,39.34,USD,1.4440433212996449,1611115,0.8534683995023431,10611817048.50624,USD,23.051681706316657,1.7066,USD,20.633349826818392,1.08017019082001,Non-energy minerals,Neutral
CNM,"Core & Main, Inc.",54.27,USD,0.7051401002041243,1178209,0.6058205738941455,10610452907.707737,USD,23.826667252052513,2.2777,USD,7.266647828953548,0,Distribution services,Buy
CHWY,"Chewy, Inc.",25.51,USD,-4.9552906110283095,12987164,1.541235656406315,10586613165.422878,USD,52.67396241998761,0.4843,USD,-47.62059268873026,0,Retail trade,Buy
FLS,Flowserve Corporation,82.91,USD,-0.6589983225497211,1290954,0.8878773802461083,10551153861.15768,USD,31.600411632427488,2.6237,USD,22.82089691976406,1.00647016534867,Producer manufacturing,Buy
RYAN,"Ryan Specialty Holdings, Inc.",39.5,USD,-1.1264080100125227,1293537,0.4123563484500515,10435493413.99249,USD,102.0671834625323,0.387,USD,9.137055837563448,1.22653316645807,Finance,Buy
ORI,Old Republic International Corporation,42.46,USD,0.21241444418221245,1598008,0.7256718811546135,10433708960.896389,USD,11.385209417064408,3.7294,USD,15.43985637342909,2.73778616945952,Finance,Neutral
DVA,DaVita Inc.,154.79,USD,1.6549550141196439,542550,0.6834356019876632,10339972762.412163,USD,16.199895342752484,9.555,USD,-11.07491856677524,0,Health services,Neutral
GAP,"Gap, Inc. (The)",27.74,USD,1.7981651376146732,7607333,1.0677597454006265,10317109425.929543,USD,12.424418865051283,2.2327,USD,3.7789346472064564,2.42201834862385,Retail trade,Buy
KNX,Knight-Swift Transportation Holdings Inc.,63.5,USD,3.067683817562085,3120320,1.1355744483957817,10314040118.113943,USD,156.5195957604141,0.4057,USD,-44.010488545404364,1.16864145430937,Transportation,Buy
W,Wayfair Inc.,78.71,USD,4.279279279279265,3928699,0.7023231515727515,10291164864.8018,USD,,-2.4273,USD,39.867710449388106,0,Retail trade,Buy
OKLO,Oklo Inc.,65.65,USD,3.7124802527646263,6166659,0.9336469745084234,10257621043.650082,USD,,-0.5196,USD,89.93647350480323,0,Producer manufacturing,Buy
DINO,HF Sinclair Corporation,56.67,USD,4.750462107208873,4765543,0.96561292038609,10216081579.882069,USD,18.51839749036011,3.0602,USD,271.42857142857144,3.69685767097967,Energy minerals,Buy
KT,KT Corporation,22.9,USD,1.3274336283185715,4248706,1.8595223388553752,10191811566.74185,USD,,,,,0,Communications,Strong buy
AES,The AES Corporation,14.29,USD,0.7757404795486561,21344278,0.9933124426153018,10182466884.566996,USD,10.858662613981762,1.316,USD,-44.56379796958591,4.96332863187588,Utilities,Buy
CEF,Sprott Physical Gold and Silver Trust,52.86,USD,0.7432818753573481,593546,0.6635996242986765,10162337130,USD,4.391459666029741,12.037,USD,61.06026546777993,0,Miscellaneous,No rating
AOS,A.O. Smith Corporation,73.35,USD,-3.014676715589054,2234404,2.0230784817956766,10143565030.109083,USD,19.066309687816794,3.8471,USD,6.129824271014384,1.85111728150205,Producer manufacturing,Neutral
OGE,OGE Energy Corp,48.89,USD,0.14338385907415052,1441427,0.9253206287620136,10084003324.16571,USD,21.038815732851365,2.3238,USD,5.964432284541714,3.46681687832855,Utilities,Neutral
SARO,"StandardAero, Inc.",30.13,USD,1.3795423956931365,5511775,1.196844587598768,10022889364.269516,USD,36.30995420583273,0.8298,USD,2501.253918495298,0,Transportation,Buy
SBSW,D/B/A Sibanye-Stillwater Limited,15.1,USD,1.0033444816053536,5144843,0.7191137374651296,10011390194.6992,USD,,-0.4045,USD,27.858034599607624,0,Non-energy minerals,Buy
AHR,"American Healthcare REIT, Inc.",51.87,USD,-0.9547450830628224,3077997,1.2694253089917424,9951714164,USD,127.1635204707036,0.4079,USD,,1.90949016612564,Finance,Strong buy
GTLS,"Chart Industries, Inc.",207.27,USD,0.2660603715170334,2168555,1.4504818975955653,9921101510.280476,USD,250.02412545235225,0.829,USD,-76.6492028618106,0,Producer manufacturing,Neutral
RMBS,"Rambus, Inc.",92.04,USD,5.08048864025574,2192352,1.291942876771444,9921058681.28234,USD,43.55067663480648,2.1134,USD,27.79054299189745,0,Electronic technology,Buy
HBM,Hudbay Minerals Inc.,24.8,USD,-0.5613472333600664,4438252,0.5591862168197166,9841758617.454546,USD,17.066688981821294,1.4531231,USD,684.9570141446669,0.0586510263929619,Non-energy minerals,Strong buy
ADC,Agree Realty Corporation,81.82,USD,-0.12207031250001041,1510063,1.2704485303879451,9832717905,USD,46.32019927536231,1.7664,USD,-0.897666068222622,3.760986328125,Finance,Buy
BAX,Baxter International Inc.,19.03,USD,0,8653038,0.8025843678213631,9790746029,USD,,-1.679,USD,-32.02799402374774,1.89174986862848,Health technology,Neutral
RRC,Range Resources Corporation,41.55,USD,0.07225433526010122,4199714,1.1839765155233697,9780080520.979046,USD,15.148200809362352,2.7429,USD,150.97447158934943,0.867052023121387,Energy minerals,Neutral
QGEN,Qiagen N.V.,46.88,USD,-1.6159496327387117,1975041,1.1495073517471874,9694784453.550472,USD,22.936542883702728,2.0439,USD,422.73657289002557,0.552277019937041,Health technology,Buy
NCLH,Norwegian Cruise Line Holdings Ltd.,21.11,USD,-0.7522331922896104,29741986,1.2891223259075282,9616568968.74706,USD,24.765368371656496,0.8524,USD,-51.901591242523416,0,Consumer services,Buy
BMNR,"BitMine Immersion Technologies, Inc.",21.12,USD,7.920286152273892,62294024,1.616836853253601,9606694303.493101,USD,,-0.8722,USD,66.59517426273459,0.0510986203372509,Finance,Strong buy
LKNCY,Luckin Coffee Inc.,34.76,USD,3.0842230130486334,2946040,1.216710704030219,9551292248,USD,22.53922967189729,1.5422,USD,20.56915018372294,0,Consumer non-durables,Strong buy
MICC,The Magnum Ice Cream Company N.V.,15.49,USD,2.514890800794181,1332580,0.8277146837210999,9483903674.784323,USD,27.556369827802364,0.562120486,USD,-42.582620154123966,0,Consumer non-durables,Buy
GLXY,Galaxy Digital Inc.,24.34,USD,17.69825918762089,8559210,1.9660317375292813,9470606207.691488,USD,,-2.2261,USD,-563.3846794338052,0,Finance,Strong buy
BAH,Booz Allen Hamilton Holding Corporation,78.35,USD,-1.073232323232334,2078272,0.7592058927416082,9448570160.708963,USD,11.645362663495838,6.728,USD,0.3160970954851709,2.82828282828283,Commercial services,Neutral
TTEK,"Tetra Tech, Inc.",36.16,USD,-0.7956104252400721,1753131,0.5548670611910286,9430801428.13059,USD,27.122712271227122,1.3332,USD,39.16492693110647,0.713305898491084,Industrial services,Buy
BRX,Brixmor Property Group Inc.,30.59,USD,-0.16318537859008064,1761763,0.5131249206690115,9393909820,USD,24.423153692614772,1.2525,USD,12.382234185733504,3.81853785900783,Finance,Strong buy
OC,Owens Corning Inc,116.85,USD,1.9989525139664737,2017371,1.1911262593090919,9392772449.38591,USD,,-6.4773,USD,-189.0840324577087,2.49650837988827,Process industries,Buy
MGM,MGM Resorts International,36.68,USD,2.3152022315202183,4408378,0.8541187400310095,9383789778.006136,USD,48.56348470806302,0.7553,USD,-68.40938558701744,0,Consumer services,Buy
TAP,Molson Coors Beverage Company,47.33,USD,-1.518934665002089,2888452,0.7757861528800851,9378894503.20287,USD,,-10.8518,USD,-302.8373831775701,3.91177694548481,Consumer non-durables,Neutral
NGD,New Gold Inc.,11.78,USD,-1.0915197313182265,11510059,0.8341783906057761,9326543025.18232,USD,38.04889897209833,0.30960160000000003,USD,1745.4552471964398,0,Non-energy minerals,Buy
CUBE,CubeSmart,41.12,USD,0.14612761811981287,2414035,0.9450754687020912,9324475952,USD,28.237879412168656,1.4562,USD,-15.415892193308556,5.09011203117389,Finance,Buy
DOCU,"DocuSign, Inc.",46.22,USD,-1.112537441163892,3484883,0.5381920627487842,9256606171.74925,USD,32.34656029113304,1.4289,USD,-70.56606105549376,0,Technology services,Buy
CAVA,"CAVA Group, Inc.",79.52,USD,3.178928247048142,2308323,0.4165820339630355,9254359585.395096,USD,147.61462780768517,0.5387,USD,-51.04507451835697,0,Consumer services,Buy
HSIC,"Henry Schein, Inc.",80.58,USD,0.46128911607032114,1343607,0.6784129723033137,9242857627.738438,USD,24.639941289789924,3.2703,USD,7.135135135135134,0,Distribution services,Buy
JEF,Jefferies Financial Group Inc.,44.59,USD,-0.17909111260353322,2309568,0.664428093707063,9210007785.752405,USD,15.747280689362906,2.8316,USD,-4.84575576315613,3.58182225207074,Finance,Buy
ONB,Old National Bancorp,23.54,USD,0.2982530890498521,3059489,0.95045781041009,9172902249.49297,USD,13.24853669518235,1.7768,USD,5.8501131895627205,2.38602471239881,Finance,Buy
MASI,Masimo Corporation,175.37,USD,0.005702554744520361,1579447,0.6263031815960691,9155080820.72588,USD,,-2.7733,USD,51.33280687900324,0,Health technology,Neutral
TEM,"Tempus AI, Inc.",51.29,USD,-0.21400778210116622,6000167,0.8782717346297356,9124863295.549807,USD,,-1.4071,USD,70.35812091847482,0,Technology services,Buy
ARWR,"Arrowhead Pharmaceuticals, Inc.",65.1,USD,1.5600624024960998,1877412,0.8959261105721517,9116094752.457098,USD,42.32219477311143,1.5382,USD,,0,Health technology,Buy
LINE,"Lineage, Inc.",40.54,USD,1.3753438359589827,861349,0.5396571226364795,9080942469,USD,,-0.4297,USD,86.60369123332087,5.27631907976994,Finance,Neutral
TECH,Bio-Techne Corp,57.85,USD,1.509036673100543,2194462,0.9515999514673452,9050823257.811897,USD,112.52674576930559,0.5141,USD,-47.748754954771826,0.561502017897877,Health technology,Buy
ARE,"Alexandria Real Estate Equities, Inc.",53.58,USD,2.604366143240137,2158197,0.762449867668025,9049744698,USD,,-8.4418,USD,-568.9107370993723,8.96208349291459,Finance,Neutral
CAG,"ConAgra Brands, Inc.",18.85,USD,-0.580168776371305,10253341,0.7979986054284344,9017264193.146097,USD,,-0.2058,USD,-120.10747435271128,7.38396624472574,Consumer non-durables,Neutral
WAL,Western Alliance Bancorporation,81.56,USD,2.526712759270905,1522282,0.8421025962269728,8961743227.423256,USD,9.345280381327774,8.7274,USD,23.118810484439802,2.01131363922062,Finance,Strong buy
CTRE,"CareTrust REIT, Inc.",39.29,USD,-1.7995501124718791,2113624,1.1650224287421262,8931721133,USD,25.28314028314028,1.554,USD,98.54350325795326,3.34916270932267,Finance,Strong buy
CRL,"Charles River Laboratories International, Inc.",179.58,USD,2.2141271557857674,742853,0.5342873964784141,8840328855.51346,USD,,-2.9563,USD,-1252.5536062378167,0,Commercial services,Buy
U,Unity Software Inc.,20.38,USD,1.7982017982017953,14403160,0.826774479815498,8824287691.120878,USD,,-0.9562,USD,43.332938248192484,0,Technology services,Buy
CGNX,Cognex Corporation,53.17,USD,-0.8207423988061886,1526374,0.6061457089660779,8810690008.014177,USD,78.58409695536507,0.6766,USD,10.034151894617008,0.615556799104645,Electronic technology,Buy
PL,Planet Labs PBC,26,USD,2.7667984189723294,8716637,0.9363375958036408,8807598740.395256,USD,,-0.4263,USD,-4.408523144746514,0,Technology services,Buy
CART,Maplebear Inc.,36.6,USD,-1.9555317439056978,2804975,0.6381476798825234,8806511866.820251,USD,23.0174202880322,1.5901,USD,-2.3879680785758093,0,Transportation,Buy
ACI,"Albertsons Companies, Inc.",17.1,USD,-2.3972602739725923,8956409,1.7104807749766484,8787915042.636988,USD,11.011655612080625,1.5529,USD,-12.714293744027877,3.42465753424658,Retail trade,Buy
BXP,"BXP, Inc.",56.36,USD,2.0090497737556547,3548613,0.8492307246080202,8764258873,USD,32.409430707303045,1.739,USD,1867.1945701357465,6.08144796380091,Finance,Buy
PCOR,"Procore Technologies, Inc.",57.91,USD,2.4955752212389317,3252871,1.3165593059623844,8692318746.57717,USD,,-0.6704,USD,6.106442577030808,0,Technology services,Buy
BROS,Dutch Bros Inc.,52.7,USD,-0.6222892702243981,3668191,0.6797476688630071,8671530995.540262,USD,83.10991957104558,0.6341,USD,84.70725313137198,0,Consumer services,Strong buy
PCVX,"Vaxcyte, Inc.",60.13,USD,0.5182213306586464,1485977,1.0655806181223362,8653931465.728687,USD,,-5.7051,USD,-47.053819981441386,0,Health technology,Strong buy
NNN,"NNN REIT, Inc.",45.01,USD,-0.9244992295839791,1503139,1.082183478724642,8628948720,USD,21.740810510554024,2.0703,USD,-3.796468401486994,5.23882896764253,Finance,Neutral
EDU,"New Oriental Education & Technology Group, Inc. Sponsored",53.89,USD,2.549952426260711,733262,1.0071634141051748,8613162836.302742,USD,22.699128090644876,2.3741,USD,0.422993951186489,1.10371075166508,Consumer services,Buy
REXR,"Rexford Industrial Realty, Inc.",37.31,USD,0.43068640646030604,2605780,0.9544899172300195,8612999067,USD,43.59663472774013,0.8558,USD,-28.90845655424489,4.62987886944818,Finance,Neutral
ZION,Zions Bancorporation N.A.,58.22,USD,0.9887250650477022,1451936,0.7501513026806899,8610087588.175543,USD,9.691541957285303,6.0073,USD,21.156444749208386,3.08759757155247,Finance,Neutral
MANH,"Manhattan Associates, Inc.",143.54,USD,-3.1835963847295283,580945,0.7776510572906,8590516380.135572,USD,39.83902303635858,3.603,USD,2.523973479782609,0,Technology services,Buy
FR,"First Industrial Realty Trust, Inc.",62.45,USD,-0.351045157172489,816397,0.6918998016247162,8557923502,USD,33.46551631745351,1.8661,USD,-14.004608294930868,2.84027445348652,Finance,Buy
SWKS,"Skyworks Solutions, Inc.",56.28,USD,-3.215821152192601,3047203,0.9950361225970026,8463027074.2184,USD,21.634504497578227,2.6014,USD,-20.283148959642084,4.86672398968186,Electronic technology,Neutral
COLB,"Columbia Banking System, Inc.",28.58,USD,-0.34867503486750845,2628392,0.7991090715451667,8446838801.714783,USD,12.858235479371933,2.2227,USD,-3.970448457616861,5.09065550906555,Finance,Buy
CHYM,"Chime Financial, Inc.",22.52,USD,-1.1413520632133518,2890679,0.689884012631506,8435496362.282704,USD,,-2.7557,USD,-2313.0472854640984,0,Finance,Strong buy
DAR,Darling Ingredients Inc.,53.32,USD,-0.09368559115607487,1961303,0.8950294476696071,8434481666.112049,USD,138.31387808041504,0.3855,USD,-77.67805442964679,0,Consumer non-durables,Strong buy
ICLR,ICON plc,110.2,USD,1.3799448022079117,1027038,0.5808394872988903,8414864263.696412,USD,14.898334414882111,7.3968,USD,-17.63120677943453,0,Commercial services,Buy
ZWS,Zurn Elkay Water Solutions Corporation,50.33,USD,0.09944311853619164,841386,1.2196729239122495,8394941809.479513,USD,43.376712919072645,1.1603,USD,26.10585805890665,0.795544948289578,Producer manufacturing,Buy
EMN,Eastman Chemical Company,73.45,USD,-0.9573894282632063,1404124,1.0066706112625166,8380448048.816749,USD,17.96634215547185,4.0882,USD,-46.81116806744556,4.49029126213592,Process industries,Buy
FDS,FactSet Research Systems Inc.,225.4,USD,1.1351909184726527,961599,0.8905579458763216,8362172665.7585125,USD,14.340520559623863,15.7177,USD,12.610334154869044,1.97424507560461,Commercial services,Neutral
NXE,Nexgen Energy Ltd.,12.77,USD,3.317152103559872,4984887,0.6752265663369671,8358744721.354684,USD,,-0.4190966,USD,-338.8688955920152,0,Non-energy minerals,Strong buy
SMTC,Semtech Corporation,89.75,USD,-0.4657868470666538,1489348,1.0155825838484955,8305469706.97294,USD,295.0361604207758,0.3042,USD,,0,Electronic technology,Strong buy
EGO,Eldorado Gold Corporation,41.64,USD,-0.5493193217100475,1701067,0.5908767978003715,8268476248.74799,USD,16.413241720956304,2.53697598,USD,88.48936203741201,0,Non-energy minerals,Buy
ESI,Element Solutions Inc.,33.93,USD,0.8620689655172388,2574139,0.6337837337428724,8264614950.620688,USD,43.1350114416476,0.7866,USD,-21.87127532777115,0.951248513674197,Process industries,Strong buy
HALO,"Halozyme Therapeutics, Inc.",70.02,USD,0.8933717579250581,1684642,0.7392615783310745,8263550401.544956,USD,28.100168552853358,2.4918,USD,-27.41202516895828,0,Health technology,Buy
MOS,Mosaic Company (The),26.01,USD,-2.8752800597460775,10268500,1.3949003037170082,8258311738.979463,USD,15.417901600474215,1.687,USD,206.67151427013272,3.28603435399552,Process industries,Buy
OR,OR Royalties Inc.,44.02,USD,-0.15876616012701356,1064011,0.9438247356874538,8254222241.410436,USD,39.90653928388124,1.10307736,USD,1250.9702727776535,0.485237620471918,Non-energy minerals,Buy
PRMB,Primo Brands Corporation,22.65,USD,-1.5645371577575098,5665150,0.753575247417876,8229401467.086049,USD,143.35443037974682,0.158,USD,,1.73837461973055,Consumer non-durables,Buy
AAL,"American Airlines Group, Inc.",12.46,USD,0,66960508,0.9297025405271809,8227394910.000001,USD,75.01505117399158,0.1661,USD,-85.01308310024362,0,Transportation,Buy
LKQ,LKQ Corporation,32.07,USD,-0.4655493482309081,1824150,0.8174778892430952,8182091990.073557,USD,13.636943487689756,2.3517,USD,-10.044753853804075,3.7243947858473,Consumer durables,Buy
LEVI,Levi Strauss & Co,20.81,USD,0.19258545979778116,2452997,1.1015978982222892,8125624468.915262,USD,18.89756629131856,1.1012,USD,109.79234139836159,2.64805007221955,Consumer non-durables,Strong buy
BTSG,"BrightSpring Health Services, Inc.",41.96,USD,3.222632226322269,9846621,3.30288759026141,8121323219.134071,USD,47.85038202759722,0.8769,USD,,0,Health services,Strong buy
HESM,Hess Midstream LP,39.09,USD,-0.9627565239422231,1518374,1.0399831890249758,8118467100.352674,USD,13.675482787573468,2.8584,USD,14.785960966990597,7.51380795540917,Energy minerals,Neutral
FRO,Frontline Plc,36.28,USD,-2.315562735595044,5319186,1.0033574232554612,8076758472.058159,USD,21.30608409678177,1.7028,USD,-23.50747944836261,2.50403877221325,Transportation,Buy
PSO,"Pearson, Plc",13.1,USD,1.7080745341614818,1013986,0.9296350948511348,8031304046.486499,USD,19.581464872944693,0.669,USD,-17.722297380396014,2.53295031055901,Consumer services,Buy
APLD,Applied Digital Corporation,28.65,USD,9.560229445506693,17151844,0.9539208757037693,8010133495.393881,USD,,-0.5438,USD,68.57918761194894,0,Technology services,Strong buy
PEGA,Pegasystems Inc.,47.05,USD,4.5323261497445,2481082,1.0739128906667286,7953506561.667408,USD,22.122437464735754,2.1268,USD,321.98412698412693,0.233281493001555,Technology services,Strong buy
JHG,Janus Henderson Group plc,51.4,USD,-0.4647560030983772,2093404,0.5173906723888473,7919486121.684741,USD,9.787493335364461,5.2516,USD,105.40540540540538,3.07900852052672,Finance,Neutral
CMC,Commercial Metals Company,71.22,USD,-0.5446166736489325,1190681,1.103548557930875,7898826870.908254,USD,18.353304986470814,3.8805,USD,249.5631024232051,1.00544616673649,Non-energy minerals,Buy
UGI,UGI Corporation,36.67,USD,-1.105717367853281,1903616,1.3492351220896552,7870714876.373518,USD,13.531864644451824,2.7099,USD,6.487739704495452,4.0453074433657,Distribution services,Strong buy
SAIL,"SailPoint, Inc.",13.92,USD,-1.9718309859154886,3751208,1.173638677306525,7817830090.039436,USD,,-1.1316,USD,-18.034838844268275,0,Technology services,Strong buy
BZ,KANZHUN LIMITED - American Depository Shares,15.87,USD,-0.2514142049025828,4878780,1.4904800041670556,7785223684.1713,USD,21.047745358090186,0.754,USD,68.79337362883368,0.930232558139535,Commercial services,Strong buy
GDS,GDS Holdings Limited,38.24,USD,0.6580679126085812,1973439,0.9292898518034713,7778742836.895341,USD,66.92334616730837,0.5714,USD,,0,Technology services,Strong buy
LBRDK,Liberty Broadband Corporation,54.06,USD,1.1791128579449794,956499,0.8906796446850301,7756148460.632231,USD,,-18.6363,USD,-406.67445572578123,0,Communications,Neutral
VIPS,Vipshop Holdings Limited,15.8,USD,0.8296107211231702,2981150,1.5701447546899985,7727274314,USD,8,1.975,USD,-0.7737138263665524,2.93554562858966,Retail trade,Buy
MOH,Molina Healthcare Inc,150.04,USD,3.6116290311442505,920855,0.5370010272272068,7727059869.4493475,USD,17.540126956664054,8.5541,USD,-58.12397195895669,0,Health services,Neutral
CBSH,"Commerce Bancshares, Inc.",52.25,USD,1.2400697539236594,1375557,0.9069257775799832,7674442076.48227,USD,12.94213811552561,4.0372,USD,9.46557848214529,2.00568300716915,Finance,Neutral
CYTK,"Cytokinetics, Incorporated",62.27,USD,2.5527009222661468,2369585,1.160863447624597,7669347937.496047,USD,,-6.5335,USD,-23.799147323543348,0,Health technology,Strong buy
TEX,Terex Corporation,67.14,USD,0.9017132551848426,1580107,0.9179479791117073,7633817900.107304,USD,20.110225843167797,3.3386,USD,-32.579413962317496,1.0219416892095,Producer manufacturing,Buy
EPAM,"EPAM Systems, Inc.",140.9,USD,0.09234922213539493,721444,0.3846842102681278,7628321845.166583,USD,20.936418074562773,6.7299,USD,-14.17914254380372,0,Technology services,Buy
BIRK,Birkenstock Holding plc,41.46,USD,0.29027576197386895,2110943,0.7798043181343238,7624745561.107402,USD,18.097690863852634,2.2909,USD,81.38558986539987,0,Consumer non-durables,Strong buy
AMTM,"Amentum Holdings, Inc.",31.19,USD,1.7286366601435132,2124190,1.2338255667263058,7608337771.019569,USD,77.47143566815699,0.4026,USD,,0,Electronic technology,Buy
SIRI,SiriusXM Holdings Inc.,22.64,USD,1.9360648356596115,5263030,1.4862834441873851,7579257875.983791,USD,10.051500621559224,2.2524,USD,,4.86267447095903,Consumer services,Neutral
VIAV,Viavi Solutions Inc.,32.59,USD,-1.361985472154951,4464611,0.6358425677277987,7540978905.64982,USD,,-0.1897,USD,-8.21448944666286,0,Technology services,Strong buy
STAG,"Stag Industrial, Inc.",39.47,USD,0.2540005080010196,1166737,0.9061571139776224,7521099554,USD,27.03609836290157,1.4599,USD,40.903387703889585,3.78461772923546,Finance,Neutral
AAOI,"Applied Optoelectronics, Inc.",99.71,USD,4.583595552758538,10474216,1.030705596029482,7498074255.604782,USD,,-0.6555,USD,84.70530589388213,0,Electronic technology,Buy
FNMAS,Fannie Mae,13.05,USD,2.27272727272728,2079087,1.654046899137911,7492826830,USD,8700,0.0015,USD,200,0,Finance,Buy
CPB,The Campbell's Company,25.09,USD,-3.6852207293666064,14052032,2.0639559323792467,7480188033.442611,USD,12.979152656355078,1.9331,USD,5.265737312132433,5.98848368522073,Consumer non-durables,Neutral
DOX,Amdocs Limited,68.73,USD,0.11653313911143232,708545,0.42523111358585036,7419371993.327021,USD,13.350297191251311,5.1482,USD,18.65492762975938,3.07064821558631,Technology services,Buy
KNTK,Kinetik Holdings Inc.,45.6,USD,-1.745313510019382,1312509,0.49758282555275196,7393964297.7117,USD,17.7805505731888,2.5646,USD,152.44610690028546,6.78733031674208,Industrial services,Buy
QRVO,"Qorvo, Inc.",79.46,USD,-2.2271440876092066,1251612,0.950502574556894,7366393095.603051,USD,21.860900187080443,3.6348,USD,1184.8356309650053,0,Electronic technology,Neutral
GGAL,Grupo Financiero Galicia S.A.,44.03,USD,0.8936755270394148,1214190,0.9691011269584812,7359758327.857724,USD,8.037311525683618,5.4782,USD,-39.71785730005722,2.56820119156737,Finance,Buy
VFC,V.F. Corporation,18.71,USD,-0.4257583821181389,3523158,0.5856227307305767,7320537376.580629,USD,33.94412191582003,0.5512,USD,,1.91591271953167,Consumer non-durables,Neutral
NE,Noble Corporation plc A,45.82,USD,0.3284431793299728,1307268,0.5829947684382016,7294424012.1983795,USD,34.14307004470939,1.342,USD,-55.06295204929012,4.37924239106635,Industrial services,Neutral
PAYC,"Paycom Software, Inc.",134.11,USD,1.744935892572651,2027381,0.7308847898616238,7278833109.542448,USD,16.580945080487623,8.0882,USD,-9.111136082705908,1.13800166906911,Technology services,Buy
EPRT,"Essential Properties Realty Trust, Inc.",34.57,USD,-0.028918449971075795,1799122,0.6516273025712216,7276796124,USD,27.141399073565204,1.2737,USD,11.211036409674326,3.48467322151533,Finance,Strong buy
UEC,Uranium Energy Corp.,15.04,USD,3.296703296703287,7044345,0.8649718477363104,7269996468.901098,USD,,-0.1778,USD,-38.04347826086958,0,Non-energy minerals,Strong buy
CDP,COPT Defense Properties,32.62,USD,1.4303482587064704,789806,0.6008085674742147,7265301484,USD,24.336019098776482,1.3404,USD,9.4472115620152,3.79353233830846,Finance,Buy
NICE,NICE Ltd,126.86,USD,2.7206477732793517,1525152,1.395298158307651,7265191918.43739,USD,13.007146445745455,9.7531,USD,43.717489648261946,0,Technology services,Buy
AL,Air Lease Corporation,64.72,USD,0,2279390,1.1857078762736442,7250931744,USD,6.955400322407308,9.305,USD,179.44621298576487,1.35970333745365,Finance,Neutral
SFM,"Sprouts Farmers Market, Inc.",76.45,USD,-1.9746121297602157,2879513,0.7636269941228699,7230365056.5726385,USD,14.43351520758208,5.2967,USD,41.064770427186545,0,Retail trade,Buy
TTAN,"ServiceTitan, Inc.",77.2,USD,1.8738453417788359,1198016,0.7169541227303738,7229519796.880444,USD,,-3.287,USD,-44.76987447698743,0,Technology services,Strong buy
FORM,"FormFactor, Inc.",92.6,USD,-0.19400732916577584,1370150,0.9808441351584105,7215201691.929296,USD,133.19907940161104,0.6952,USD,-21.641118124436424,0,Electronic technology,Buy
AUGO,Aura Minerals Inc.,86.19,USD,2.3512646954043515,562621,0.6209663115723989,7199839144.543284,USD,,-0.5946,USD,18.592552026286967,1.73376083600523,Non-energy minerals,Strong buy
MTCH,"Match Group, Inc.",30.8,USD,0,3881568,1.1362139631239094,7165449975.000001,USD,12.89134438305709,2.3892,USD,18.01432452457397,2.46753246753247,Technology services,Buy
FAF,First American Corporation (New),69.57,USD,-0.5148005148005343,851774,0.8104236719440324,7089183137.289573,USD,11.572048769939618,6.0119,USD,380.7596961215514,3.11740311740312,Finance,Buy
PB,"Prosperity Bancshares, Inc.",69.75,USD,-0.4140491147915566,926721,0.8626681487553592,7085311117.793403,USD,12.194695525989125,5.7197,USD,13.36464898719625,3.34094802969732,Finance,Buy
FLR,Fluor Corporation,48.15,USD,-1.3319672131147513,1958231,0.5702010242723821,7057088593.109632,USD,,-1.2547,USD,-110.27777095159692,0,Industrial services,Buy
NOV,NOV Inc.,19.51,USD,0.3600823045267504,6583401,1.48755660019368,7031492788.5648155,USD,51.79187682505974,0.3767,USD,-76.57920915195226,1.54320987654321,Industrial services,Neutral
QBTS,D-Wave Quantum Inc.,18.91,USD,3.673245614035097,19013060,0.7843580108727114,6995067513.38487,USD,,-1.1015,USD,-59.01544680236754,0,Electronic technology,Strong buy
PSN,Parsons Corporation,66.03,USD,-0.9450945094509383,545059,0.43986395229776193,6988022405.918093,USD,30.0382130834319,2.1982,USD,5.308038708441113,0,Technology services,Buy
VLY,Valley National Bancorp,12.58,USD,0.2390438247011901,8284890,1.0295999180087072,6987262577.340239,USD,12.443125618199803,1.011,USD,46.28852553899578,3.50597609561753,Finance,Strong buy
CWAN,"Clearwater Analytics Holdings, Inc.",23.54,USD,0.1702127659574432,3961113,0.5163515771353218,6955274203.754892,USD,,-0.1371,USD,-108.3282711699672,0,Technology services,Neutral
HXL,Hexcel Corporation,91.62,USD,-0.3372130969215732,1672010,1.3337214290580106,6951247421.353204,USD,66.59882241767828,1.3757,USD,-13.592111048300994,0.750571086696399,Electronic technology,Buy
G,Genpact Limited,40.78,USD,1.0406342913776059,1448183,0.5886969668538823,6927045871.103073,USD,13.142120528520786,3.103,USD,-14.867348898460852,1.68483647175421,Commercial services,Buy
FND,"Floor & Decor Holdings, Inc.",64.13,USD,-3.3895751732449533,1869258,0.7319877165213727,6918043524.221753,USD,33.321209601995214,1.9246,USD,1.2521043771043794,0,Retail trade,Neutral
WFRD,Weatherford International plc,95.8,USD,-2.0750281099867127,1520510,1.5023188714808993,6870545282.890729,USD,16.130118534482758,5.9392,USD,-12.018369009702988,1.04773586834304,Industrial services,Buy
GXO,"GXO Logistics, Inc.",59.82,USD,-1.8700787401574812,1982032,1.6464586923308495,6862166088.882874,USD,197.62140733399403,0.3027,USD,-72.87391343310333,0,Transportation,Strong buy
POR,Portland General Electric Co,54.17,USD,0.5942432683379764,1169330,0.5377301636900964,6847659874.249211,USD,19.596990087547933,2.7642,USD,-8.47625985034103,3.85329619312906,Utilities,Neutral
GPGI,"GPGI, Inc.",23.5,USD,6.286748077792857,3576199,1.0393000366640928,6801262211.420173,USD,,-2.3028,USD,-413.3303611234953,0.0113071008593397,Commercial services,Strong buy
PDI,PIMCO Dynamic Income Fund,17.91,USD,-0.05580357142858014,3645172,1.2177009621221004,6783114240,USD,7.62127659574468,2.35,USD,23.638659441258486,14.765625,Miscellaneous,No rating
ORLA,Orla Mining Ltd.,19.95,USD,-0.6474103585657321,1938719,0.8862879113287395,6780929459.103172,USD,166.779803843543,0.1196188,USD,3271.975283584782,0.0758658403208166,Non-energy minerals,Strong buy
SSRM,SSR Mining Inc.,33.26,USD,14.967162115451082,10774528,2.197681581987221,6762631820.047558,USD,17.915692049787225,1.8564730799999998,USD,,0,Non-energy minerals,Strong buy
SLAB,"Silicon Laboratories, Inc.",203.58,USD,-0.029463759575709025,856892,1.0831853404430596,6709167965.277843,USD,,-1.9902,USD,66.52875882946519,0,Electronic technology,Neutral
AXTA,Axalta Coating Systems Ltd.,31.4,USD,-0.8838383838383874,3258902,1.3572267961691817,6699941525.498737,USD,18.048051500172434,1.7398,USD,-2.054833079997747,0,Process industries,Buy
ACLX,"Arcellx, Inc.",114.3,USD,0.21920210434020165,1311670,0.16302915774255197,6684242761.54669,USD,,-4.0547,USD,-103.49811794228361,0,Health technology,Neutral
OLLI,"Ollie's Bargain Outlet Holdings, Inc.",108.79,USD,5.050212437234458,1052124,0.9537648102807355,6672367962.177192,USD,30.08406614678392,3.6162,USD,7.641018008632234,0,Retail trade,Strong buy
LNC,Lincoln National Corporation,35.08,USD,2.9342723004694835,2731633,0.8260542141576832,6668371882.5446005,USD,6.609888453421767,5.3072,USD,-71.12309358115645,5.28169014084507,Finance,Neutral
GTES,Gates Industrial Corporation plc,26.24,USD,-0.4929844520288303,2128849,0.9503150837128947,6661173718.255592,USD,27.132664667562818,0.9671,USD,31.09665175545614,0,Producer manufacturing,Buy
MTDR,Matador Resources Company,53.53,USD,0.05607476635514231,1986134,0.8078731485557333,6651099233.169158,USD,8.790685453410845,6.0894,USD,-14.71070213034161,2.57009345794392,Energy minerals,Strong buy
STWD,Starwood Property Trust Inc.,18.1,USD,0.8918617614269795,3567803,0.9460564014922318,6648237459,USD,15.652023521272916,1.1564,USD,4.841341795104272,10.7023411371237,Finance,Strong buy
RYN,Rayonier Inc. REIT,22.35,USD,2.758620689655179,3750963,1.0601755770954933,6611591172,USD,50.7377979568672,0.4405,USD,-81.3236665818706,0,Finance,Buy
FIGR,"Figure Technology Solutions, Inc.",30.49,USD,7.095187917105725,6292062,0.8762745651446759,6574462258.6413765,USD,,,,,0,Finance,Buy
VAL,Valaris Limited,94.44,USD,4.203905991393581,976466,0.5813454427270855,6538168502.032439,USD,6.748365429275786,13.9945,USD,172.4467546626173,0,Industrial services,Neutral
VOYA,"Voya Financial, Inc.",70.45,USD,4.200562047034468,1386811,1.2940605072064826,6535157743.095697,USD,11.203167737421284,6.2884,USD,2.760029414167821,2.72149090371247,Finance,Buy
WULF,TeraWulf Inc.,15.37,USD,4.274084124830386,23715723,0.7644298463728513,6517926829.428086,USD,,-1.661,USD,-719.0335305719921,0,Technology services,Strong buy
PLNT,"Planet Fitness, Inc.",81.39,USD,-1.7385005432814171,1686457,0.6261619238471894,6512330752.065918,USD,31.090992436396977,2.6178,USD,30.491999401824433,0,Consumer services,Strong buy
VSAT,"ViaSat, Inc.",47.84,USD,4.408555216062862,1255913,1.005883867148136,6498174402.566565,USD,,-2.5988,USD,20.586707410236816,0,Electronic technology,Buy
CIFR,Cipher Digital Inc.,16.04,USD,9.04146838885111,22140463,0.8154399778473089,6498115437.699523,USD,,-2.0516,USD,-1474.5203376822717,0,Technology services,Strong buy
HR,Healthcare Realty Trust Incorporated,18.8,USD,1.1296395911780575,3551440,1.0204483899830876,6485119965,USD,,-0.7119,USD,60.08857991814768,5.54061323292093,Finance,Buy
AROC,"Archrock, Inc.",37.04,USD,0.8439967329158788,1837487,0.9861085701678769,6479995206.218351,USD,20.26479921216763,1.8278,USD,75.96996245306636,2.25973318812959,Industrial services,Strong buy
TXNM,"TXNM Energy, Inc.",59,USD,0.11878499915153619,1818942,1.3823664755940699,6426360048.973358,USD,40.78810922917387,1.4465,USD,-45.90905691421734,2.79144748006109,Utilities,Neutral
YOU,"Clear Secure, Inc.",48.4,USD,-1.0629599345870873,1844853,0.6409406520529124,6420758137.113655,USD,43.39639558863086,1.1153,USD,-38.20025489000942,1.02207686017989,Technology services,Buy
LW,"Lamb Weston Holdings, Inc.",46.03,USD,-1.8759326369643903,1534338,0.9838467937827912,6392641687.101045,USD,16.555171917709682,2.7804,USD,9.897233201581045,3.176295033042,Consumer non-durables,Buy
OMF,"OneMain Holdings, Inc.",54.55,USD,-0.6917895503367969,1943349,1.431137566240822,6390644988.39614,USD,8.309215536938309,6.565,USD,54.91894187884938,7.60968505370472,Finance,Buy
TAL,TAL Education Group,10.56,USD,0.09478672985781789,4019967,0.9361287391576714,6388701980,USD,21.68823166974738,0.4869,USD,150.20554984583762,0,Commercial services,Strong buy
VIRT,"Virtu Financial, Inc.",41.06,USD,-1.392891450528334,859960,0.7787557855869687,6350527187.205091,USD,8.003586604810728,5.1302,USD,72.42051488875447,2.30547550432277,Finance,Buy
ALGM,"Allegro MicroSystems, Inc.",34.07,USD,-1.8721198156681989,1554511,0.5338012253681838,6312860445.866072,USD,,-0.0725,USD,78.89374090247453,0,Electronic technology,Strong buy
OTEX,Open Text Corporation,25.06,USD,1.2525252525252475,1689612,0.7458472481605899,6280105775.51182,USD,14.465583283373388,1.7323878,USD,-26.17699076051061,4.42599586288416,Technology services,Neutral
RIOT,"Riot Platforms, Inc.",16.53,USD,8.109875735775029,21174744,1.1337797093631545,6266950359.419884,USD,,-1.9177,USD,-656.8234610917538,0,Technology services,Strong buy
CRK,"Comstock Resources, Inc.",21.12,USD,2.2760290556900844,1807897,0.8586419974138585,6209739436.195642,USD,15.853475454136015,1.3322,USD,,0,Energy minerals,Neutral
SEE,Sealed Air Corporation,42.03,USD,0.09526077637532543,2744620,0.9308508608781523,6194114419.914742,USD,14.04605153226615,2.9923,USD,61.938521485009204,1.90521552750655,Process industries,Neutral
CLF,Cleveland-Cliffs Inc.,10.83,USD,-2.256317689530686,15086060,1.0151274585832033,6177329104.248196,USD,,-2.9228,USD,-86.28425748884641,0,Non-energy minerals,Neutral
PCTY,Paylocity Holding Corporation,114.49,USD,0.7834507042253527,647777,0.6758840434784786,6168342145.379225,USD,26.93375364637245,4.2508,USD,9.13478818998716,0,Technology services,Strong buy
LGN,Legence Corp.,55.38,USD,2.252584933530292,826822,0.7891682571146379,6121579930.4400015,USD,,,,,0,Industrial services,Strong buy
TMHC,Taylor Morrison Home Corporation,63.53,USD,-0.06292276230926402,910765,0.866188513754362,6120078125.155891,USD,8.178950756356613,7.7675,USD,-6.232646852893592,0,Consumer durables,Buy
FBIN,"Fortune Brands Innovations, Inc.",50.84,USD,-1.0509926041261175,1652581,0.5535987464391778,6100209000.337095,USD,20.57466612707406,2.471,USD,-34.2031686859273,1.96574542623589,Producer manufacturing,Buy
FNB,F.N.B. Corporation,17.06,USD,0.17615971814443676,7228992,0.7650253920664228,6097057235.574867,USD,10.912114621977741,1.5634,USD,23.559630127242535,2.81855549031122,Finance,Strong buy
DBX,"Dropbox, Inc.",26.17,USD,0,2905643,0.5082807906833033,6094972711,USD,14.0941404566997,1.8568,USD,32.43937232524966,0,Technology services,Neutral
GLBE,Global-E Online Ltd.,35.76,USD,3.2332563510392536,1289343,0.5273518502794426,6059006864.812933,USD,93.78442171518489,0.3813,USD,,0,Retail trade,Strong buy
WH,"Wyndham Hotels & Resorts, Inc.",80.44,USD,-0.5931784478497331,1079952,0.5985213206095346,6044972702.721702,USD,32.541769489056996,2.4719,USD,-31.862285682782947,2.02669303015324,Consumer services,Buy
PONY,Pony AI Inc.,13.5,USD,4.570100697134003,2863519,0.9755543409801954,6036365007.22766,USD,,-0.9425,USD,-153.76952073236401,0,Technology services,Strong buy
CNX,CNX Resources Corporation,42.38,USD,1.1214507277499546,1463454,0.5468303041619186,6033563418.041518,USD,11.538566255547389,3.6729,USD,,0,Energy minerals,Sell
HUT,Hut 8 Corp.,54.21,USD,13.886554621848738,4835405,1.001187700489936,6011199487.937789,USD,,-2.31735086,USD,-171.40894242327784,0,Technology services,Strong buy
COGT,"Cogent Biosciences, Inc.",37.02,USD,-0.5907626208378057,1358958,0.7316932130368824,6008672319.768528,USD,,-2.5587,USD,-2.1804241044686616,0,Health technology,Strong buy
EAT,"Brinker International, Inc.",137.94,USD,-2.142451759364366,1108021,0.7841850981469024,6007332434.281073,USD,13.930097048160528,9.9023,USD,71.96867076516966,0,Consumer services,Buy
URBN,"Urban Outfitters, Inc.",66.9,USD,1.5945330296127738,1442887,0.7105362708668049,5999520934.6241455,USD,13.214553786591871,5.0626,USD,18.737246992049155,0,Retail trade,Neutral
SRAD,Sportradar Group AG,19.23,USD,8.828522920203726,3663039,1.5189616268266584,5979600540.205433,USD,54.59965928449744,0.3522,USD,181.98558847077663,0,Technology services,Strong buy
KMX,CarMax Inc,42.12,USD,0.6692160611854541,2500948,0.7695480342115985,5972474756.056405,USD,13.931335582456835,3.0234,USD,2.8122555854048352,0,Retail trade,Neutral
KVYO,"Klaviyo, Inc. Series A",19.53,USD,3.497615262321145,3754750,0.7270962690371028,5952238917.147853,USD,,-0.1152,USD,33.21739130434782,0,Technology services,Strong buy
BEPC,Brookfield Renewable Corporation,40.88,USD,-1.5177065767284883,737333,0.6666591923649285,5922903326.246206,USD,,-18.0943,USD,-553.980480216775,3.6400867260901,Utilities,Buy
PATH,"UiPath, Inc.",11.07,USD,0.2717391304347929,35665736,0.9824964209522062,5919679103.796197,USD,26.108490566037737,0.424,USD,,0,Technology services,Neutral
GBCI,"Glacier Bancorp, Inc.",45.22,USD,0.1772264067345997,960105,0.8885850137090896,5879102242.531679,USD,22.673485760128358,1.9944,USD,18.862864294654035,2.92423571112096,Finance,Buy
OS,"OneStream, Inc.",23.7,USD,-0.04217629692113692,1629399,0.5707854627922545,5862117049.89034,USD,,-0.2843,USD,78.67696692417312,0,Technology services,Neutral
RGTI,"Rigetti Computing, Inc.",17.76,USD,4.7169811320754755,27202884,0.9345588030527398,5861262545.377358,USD,,-1.3002,USD,-244.6977730646872,0,Electronic technology,Buy
BRKR,Bruker Corporation,38.5,USD,-1.960784313725498,1469110,0.721025355763052,5860441329.411763,USD,,-0.1487,USD,-119.58124835396364,0.509294626941686,Health technology,Buy
SM,SM Energy Company,24.54,USD,1.8679950186799472,5567130,0.5793088308797882,5849334232.174346,USD,4.3539201249046355,5.6363,USD,-15.525613740595304,3.3208800332088,Energy minerals,Buy
LTH,"Life Time Group Holdings, Inc.",26.26,USD,0.3822629969419014,2023753,0.6121010203674857,5824601478.295108,USD,15.857487922705316,1.656,USD,123.60248447204967,0,Consumer services,Strong buy
SGHC,Super Group (SGHC) Limited,11.57,USD,4.8957388939256665,3629258,0.9373155574049729,5801561116.530373,USD,26.64670658682635,0.4342,USD,4568.817204301076,1.4505893019039,Consumer services,Strong buy
MTG,MGIC Investment Corporation,26.9,USD,0.6736526946107774,1909449,0.8333099851924781,5782245070.703592,USD,8.566333354563403,3.1402,USD,8.54851533063708,2.17065868263473,Finance,Neutral
OBDC,Blue Owl Capital Corporation,11.55,USD,0.4347826086956583,6847957,0.7880096989321457,5768630017.317391,USD,9.279344420342252,1.2447,USD,-18.40173069358858,12.8695652173913,Finance,Strong buy
CRSP,CRISPR Therapeutics AG,60,USD,3.34137099552187,1173963,0.7399228502121421,5759118941.439889,USD,,-6.5144,USD,-49.453978159126386,0,Health technology,Buy
VNT,Vontier Corporation,40.53,USD,0.47099652949925064,1110384,1.042994459199956,5739048269.26227,USD,14.696497207919355,2.7578,USD,0.3675801579502856,0.247892910262766,Transportation,Buy
BKH,Black Hills Corporation,75.76,USD,1.9650067294751117,1236469,1.435781786816882,5717974559.526246,USD,19.02036102533203,3.9831,USD,1.6408084107379757,3.67563930013459,Utilities,Buy
PACS,"PACS Group, Inc.",36.35,USD,-1.4103607268782101,819025,0.6704515873418675,5712948449.98644,USD,30.846911065852005,1.1784,USD,99.3234100135318,0,Health services,Strong buy
VIST,Vista Energy S.A.B. de C.V.,59.69,USD,0.20144367970454496,1036575,0.6643143160496147,5678448534.75995,USD,8.75168611811624,6.8204,USD,33.02646720368239,0,Energy minerals,Strong buy
BXSL,Blackstone Secured Lending Fund,24.4,USD,0.2877106452938771,2402104,0.7971607174348226,5667627485.047267,USD,9.916280581971877,2.4606,USD,-29.06889593542808,12.6592683929305,Miscellaneous,Buy
REZI,"Resideo Technologies, Inc.",37.26,USD,-0.05364806866953628,1228916,0.7775709667424275,5635466792.082617,USD,,-4.0312,USD,-670.9106358872682,0,Distribution services,Strong buy
LPX,Louisiana-Pacific Corporation,80.59,USD,-2.504234212436479,839489,0.6715918447281709,5627627765.13114,USD,38.639305748669514,2.0857,USD,-64.58793167849502,1.37914347931285,Non-energy minerals,Buy
CE,Celanese Corporation,51.15,USD,-0.3312548713951709,1874479,0.6628919536251225,5604606133.538582,USD,,-10.5906,USD,23.899515686302692,0.233826968043648,Process industries,Buy
CAI,"Caris Life Sciences, Inc.",19.86,USD,2.4767801857585163,2070745,0.7428067383127601,5603438028.365325,USD,,-1.9257,USD,-43.10024522553319,0,Health technology,Strong buy
STEP,StepStone Group Inc.,46.96,USD,4.938547486033521,1759184,0.7168215114909057,5595832259.836425,USD,,-6.9513,USD,-316.2704353554105,2.41340782122905,Finance,Strong buy
ENPH,"Enphase Energy, Inc.",42.66,USD,-1.2500000000000144,3269040,0.6139911641948925,5592675586.149999,USD,33.049271769445305,1.2908,USD,74.85776212408561,0,Electronic technology,Neutral
NG,Novagold Resources Inc.,12.69,USD,-0.2358490566037825,2823200,0.6871964914617442,5558404608.450776,USD,,-0.2597595,USD,-95.83849927227641,0,Non-energy minerals,Strong buy
BLSH,Bullish,36.86,USD,11.292270531400973,2539908,2.231245918385096,5554202148.016909,USD,,-4.0824,USD,,0,Technology services,Buy
OTF,Blue Owl Technology Finance Corp.,11.92,USD,0.9314140558848385,1653648,0.5510731985651451,5546733637.344623,USD,6.983420235514675,1.7069,USD,11.562091503267977,8.89077053344623,Finance,Buy
ALK,"Alaska Air Group, Inc.",48.35,USD,-2.814070351758791,2355039,0.8207725554931515,5542914426.755778,USD,55.225585379782984,0.8755,USD,-71.32047040324959,0,Transportation,Strong buy
IMVT,"Immunovant, Inc.",27.08,USD,1.3852489704230528,1245710,1.2381555179229449,5511651266.303257,USD,,-2.6823,USD,-2.5304843087038056,0,Health technology,Strong buy
LYFT,"Lyft, Inc.",13.84,USD,4.769114307342914,20907279,1.261108997830194,5509809268.862982,USD,1.953119487447256,7.0861,USD,13740.0390625,0,Transportation,Buy
HOMB,"Home BancShares, Inc.",28.02,USD,0.6465517241379299,1546021,1.0285937870186441,5509689488.8922415,USD,11.661880384567363,2.4027,USD,19.50758517781646,2.94540229885058,Finance,Buy
SON,Sonoco Products Company,54.98,USD,-0.9547829219960389,647843,0.5762717744309939,5423447640.977841,USD,5668.041237113402,0.0097,USD,-99.66604695999449,3.81913168798415,Process industries,Buy
MIR,"Mirion Technologies, Inc.",21.6,USD,-1.3698630136986172,2040746,0.5788543242835786,5411606793.534247,USD,197.08029197080293,0.1096,USD,,0,Electronic technology,Strong buy
FLG,"Flagstar Bank, N.A.",13,USD,0.9316770186335344,3933570,0.6388403679122341,5407910387.810558,USD,,-1.0287,USD,92.89061204179797,0.31055900621118,Finance,Buy
KRG,Kite Realty Group Trust,25.9,USD,-0.46118370484243276,1391630,0.6652240723321413,5380736863,USD,30.239346176298888,0.8565,USD,4658.333333333334,4.22751729438893,Finance,Buy
ESTC,Elastic N.V.,51.85,USD,-1.5755504935459346,2605189,0.7972120716386141,5366527248.61902,USD,,-0.7962,USD,38.62637786171278,0,Technology services,Buy
ETSY,"Etsy, Inc.",55.65,USD,2.185089974293055,3795947,0.6930085903776605,5356155316.8509,USD,41.00353669319187,1.3572,USD,-42.76798515644767,0,Retail trade,Neutral
VG,"Venture Global, Inc.",11.16,USD,-2.617801047120425,38163174,2.328356470427555,5351288473.319372,USD,12.064864864864864,0.925,USD,51.81355654029216,0.584642233856894,Industrial services,Buy
MGY,Magnolia Oil & Gas Corporation,28.6,USD,0.633356790992258,2868197,0.9166771495625436,5331208605.151302,USD,16.574905824398726,1.7255,USD,-11.015419524521686,2.16396903589022,Energy minerals,Buy
AUB,Atlantic Union Bankshares Corporation,37.34,USD,-0.5592543275632323,726238,0.7164538907319966,5322266044.570972,USD,18.359720719834794,2.0338,USD,-11.055715910084848,3.78162450066578,Finance,Buy
PTCT,"PTC Therapeutics, Inc.",64.29,USD,-0.15530361857430394,1246659,0.8990401725590819,5321587139.392452,USD,8.310066697688848,7.7364,USD,,0,Health technology,Buy
OZK,Bank OZK,46.83,USD,-0.6576156130674635,1212454,1.069779535880708,5312015809.447178,USD,7.581595648232094,6.1768,USD,0.5584045584045584,3.7759864234196,Finance,Buy
UUUU,Energy Fuels Inc,21.81,USD,4.404021062709421,12408537,1.1828263223975057,5269426767.0804205,USD,,-0.3843,USD,-38.33693304535637,0,Non-energy minerals,Strong buy
TFX,Teleflex Incorporated,119.18,USD,-2.463376708404936,884584,0.715745562495484,5267823027.167526,USD,,-20.557,USD,-1540.776562938043,1.11302070545871,Health technology,Neutral
RAL,Ralliant Corporation,47,USD,2.664919178680644,1437696,0.7228987268710858,5252629239.078199,USD,,-10.8261,USD,,0.218435998252512,Electronic technology,Buy
VNO,Vornado Realty Trust,28.54,USD,3.7063953488372077,1588538,0.7551282487029194,5247138495,USD,6.8007434589906115,4.1966,USD,10551.269035532996,2.68895348837209,Finance,Neutral
PBF,PBF Energy Inc.,44.8,USD,12.676056338028168,6988062,2.339797060232465,5238321459.15493,USD,,-1.4651,USD,68.95843044196788,2.76659959758551,Energy minerals,Neutral
CZR,"Caesars Entertainment, Inc.",25.56,USD,2.158273381294961,4991224,0.5683196218192239,5201997145.136691,USD,,-2.432,USD,-89.04003109211037,0,Consumer services,Buy
AVT,"Avnet, Inc.",63.32,USD,-0.7056609691077353,501450,0.5620799952652789,5183563198.936804,USD,25.930627789835786,2.4419,USD,-30.785147392290252,2.13266426219225,Distribution services,Neutral
VSNT,"Versant Media Group, Inc.",36.02,USD,5.910026462805073,5282666,1.7226063250029633,5179346081.794767,USD,5.597774566024834,6.4347,USD,-31.768585576892484,0,Consumer services,Neutral
WAY,Waystar Holding Corp.,26.93,USD,1.3167795334838277,1816783,0.5606363096504038,5161985333.998495,USD,44.1765091863517,0.6096,USD,,0,Technology services,Strong buy
SBRA,"Sabra Health Care REIT, Inc.",20.25,USD,-0.8325171400587743,2070868,0.7087409309773753,5148815651,USD,31.640625,0.64,USD,19.49215832710979,5.87659157688541,Finance,Buy
ALM,Almonty Industries Inc.,19.55,USD,1.033591731266146,3393742,0.7150184095420625,5137275054.695422,USD,,-0.390951,USD,-520.1538951695932,0,Non-energy minerals,Strong buy
KBR,"KBR, Inc.",40.53,USD,-1.0980966325036499,2751998,1.8869737554123684,5125672627.298682,USD,12.019572953736656,3.372,USD,20.291095890410958,1.61054172767204,Technology services,Buy
KLAR,Klarna Group plc,13.57,USD,1.4200298953662145,5205899,0.394980341304385,5122782301.377429,USD,,-0.7857,USD,-10045.569620253164,0,Commercial services,Buy
MAC,Macerich Company (The),20.3,USD,2.0100502512562923,1769880,0.7464411952135114,5107747744,USD,,-0.2938,USD,72.99384134571191,3.41708542713568,Finance,Buy
M,Macy's Inc,19.21,USD,5.087527352297591,10128859,1.3669394222692957,5107614296.354486,USD,11.293356848912405,1.701,USD,186.07467204843593,3.99124726477024,Retail trade,Neutral
ST,Sensata Technologies Holding plc,34.95,USD,-0.9915014164305789,1558881,0.6610939977370115,5095693997.256374,USD,,-0.1932,USD,63.304843304843295,1.35977337110482,Electronic technology,Buy
OUT,OUTFRONT Media Inc.,28.92,USD,0.6613296206056432,1168224,0.5803445194486431,5057921329,USD,36.54283548142533,0.7914,USD,-46.631600242767554,4.17681865645667,Finance,Strong buy
EXLS,"ExlService Holdings, Inc.",32.23,USD,0.9395552771687978,1744070,0.6523675972294491,5040246618.699342,USD,20.873000453338513,1.5441,USD,27.411502599224363,0,Technology services,Buy
ATAT,Atour Lifestyle Holdings Limited,36.5,USD,0.10970927043334928,990369,1.063467959018263,5038259659,USD,25.013706140350877,1.4592,USD,25.220973139963967,1.97476686780033,Consumer services,Strong buy
APGE,"Apogee Therapeutics, Inc.",72.31,USD,5.562043795620442,1359155,1.8062508555124237,5024478125.592554,USD,,-4.2149,USD,-30.451872485298676,0,Health technology,Strong buy
CORZ,"Core Scientific, Inc.",15.84,USD,3.529411764705877,10622155,0.8410716750078059,4994869105.6,USD,13.66695427092321,1.159,USD,,0,Technology services,Strong buy
KGS,"Kodiak Gas Services, Inc.",58.16,USD,0.8671522719389525,1291781,0.6729504079099039,4994163848.080472,USD,66.6895998165348,0.8721,USD,49.79388526279627,3.26049254249046,Industrial services,Strong buy
CENX,Century Aluminum Company,53.43,USD,0.9637188208616742,3162074,1.1951319431449505,4987261410.252834,USD,135.09481668773702,0.3955,USD,-87.70440838152086,0,Non-energy minerals,Strong buy
SLGN,Silgan Holdings Inc.,46.79,USD,-1.494736842105265,853563,0.9454852506879601,4933629814.717053,USD,15.895502106264438,2.9436,USD,6.54794223042675,1.68421052631579,Process industries,Buy
GNTX,Gentex Corporation,22.87,USD,-0.5652173913043435,1741698,1.025736371727712,4926251950.33,USD,13.186116236162363,1.7344,USD,-1.1456255343402684,2.08695652173913,Producer manufacturing,Buy
REYN,Reynolds Consumer Products Inc.,23.36,USD,-1.2679628064243478,554704,0.6292716168329568,4913625691.333898,USD,16.332237992029643,1.4303,USD,-14.731131513055926,3.88841927303466,Consumer non-durables,Buy
DOCS,"Doximity, Inc.",26.44,USD,-1.9651464590285415,2173432,0.689281494402691,4883715485.06637,USD,22.20169619615417,1.1909,USD,18.876023158315036,0,Technology services,Buy
GLNG,Golar LNG Limited,46.65,USD,1.9672131147540954,3320427,1.7263448511653174,4880638443.2,USD,,,,,2.18579234972678,Industrial services,Strong buy
ALKS,Alkermes plc,29.28,USD,0.27397260273973234,1807824,0.7804299197438767,4879510161.978083,USD,20.438363814044394,1.4326,USD,-34.28138905454378,0,Health technology,Strong buy
MUR,Murphy Oil Corporation,34.05,USD,-2.3515916260395766,2054679,0.969441725704118,4863373363.305134,USD,47.2457333148328,0.7207,USD,-73.18126000074425,3.79982793232005,Energy minerals,Neutral
FOUR,"Shift4 Payments, Inc.",47.46,USD,-4.870715574263379,4021715,1.0697543066780009,4848686684.879134,USD,22.279598159797203,2.1302,USD,15.495554109737576,0,Commercial services,Buy
SRRK,Scholar Rock Holding Corporation,47.43,USD,7.041299932295186,3862258,3.5739585572498904,4838213689.074475,USD,,-3.4256,USD,-33.29701544807192,0,Health technology,Strong buy
VSCO,Victorias Secret & Co.,60.01,USD,-3.3966516419832575,3168757,1.7416349902779193,4816937859.832582,USD,29.429650335932518,2.0391,USD,5.39618545510931,0,Retail trade,Buy
DOCN,"DigitalOcean Holdings, Inc.",52.26,USD,-5.6678700361010845,2764049,0.6984566806854174,4807715991.675812,USD,20.79917217225185,2.5126,USD,189.0039107430412,0,Technology services,Buy
OPCH,"Option Care Health, Inc.",30.72,USD,-1.5384615384615399,3360839,1.4774631239673803,4806081679.753846,USD,24.15474131152697,1.2718,USD,3.676530529061722,0,Health services,Strong buy
MAT,"Mattel, Inc.",15.84,USD,-1.8587360594795581,7012407,1.1295221047387323,4786848012.758363,USD,12.583412774070544,1.2588,USD,-21.013992595846144,0,Consumer durables,Buy
MTH,Meritage Homes Corporation,71.44,USD,-0.8879023307436191,618752,0.8685021162608616,4772239758.155383,USD,11.282375236891976,6.332,USD,-40.905824490672046,2.38623751387347,Finance,Buy
MC,Moelis & Company,59.59,USD,1.6373870032406632,1319815,0.9517842867954953,4757339290.1199045,USD,20.258371579126297,2.9415,USD,66.75170068027211,4.43458980044346,Finance,Neutral
ELF,"e.l.f. Beauty, Inc.",80.3,USD,-0.9742261684548109,1468791,0.7241713590839097,4741894534.718214,USD,45.385180579890346,1.7693,USD,5.215271170313994,0,Consumer non-durables,Buy
RSI,"Rush Street Interactive, Inc.",20.38,USD,1.9509754877438752,1248067,0.477970130002428,4735318024.886443,USD,72.06506364922207,0.2828,USD,1313.9999999999998,0,Consumer services,Strong buy
MRP,"Millrose Properties, Inc.",31.03,USD,1.0420058612829706,1310809,0.7395135131231718,4734980834,USD,12.725035882714785,2.4385,USD,,8.30348420709866,Finance,Strong buy
HASI,"HA Sustainable Infrastructure Capital, Inc.",37.07,USD,2.0930873037730597,665700,0.7461572397764017,4734603533.272652,USD,27.14160199150681,1.3658,USD,-11.815599173553723,4.6268245662352,Finance,Strong buy
PFSI,"PennyMac Financial Services, Inc.",90.67,USD,1.0138146167557893,645681,0.738441174230355,4730051853.178142,USD,9.741501568610596,9.3076,USD,59.53788930597693,1.33689839572192,Finance,Buy
RDN,Radian Group Inc.,34.7,USD,0.7256894049346879,1494583,1.0660364526416872,4728652381.732946,USD,8.363662657571886,4.1489,USD,5.59415642259042,2.96081277213353,Finance,Buy
ONDS,Ondas Inc,10.51,USD,4.890219560878246,104820781,1.1073699276356577,4724911712.653693,USD,,-0.4034,USD,44.595522593050404,0,Electronic technology,Strong buy
BBWI,"Bath & Body Works, Inc.",23.01,USD,2.585822559072679,10759321,1.9669824811240033,4710644158.594294,USD,7.073470642483861,3.253,USD,-20.681751682434417,3.56665180561748,Retail trade,Buy
VVV,Valvoline Inc.,36.94,USD,-1.4933333333333394,1479442,0.9859804018465848,4703046628.201066,USD,54.97841940764994,0.6719,USD,-67.77458033573141,0,Consumer services,Buy
FROG,JFrog Ltd.,39.19,USD,-7.220643939393949,4369084,0.770219884117719,4688257919.600378,USD,,-0.6194,USD,1.3222877170623044,0,Technology services,Strong buy
ERAS,"Erasca, Inc.",15.12,USD,7.234042553191486,4876835,1.434296160856007,4680952882.468085,USD,,-0.4507,USD,45.65951290089221,0,Health technology,Strong buy
TGTX,"TG Therapeutics, Inc.",29.19,USD,1.0734072022160746,1551551,0.8370779854809105,4661299814.342451,USD,10.511343176089305,2.777,USD,1889.2550143266476,0,Health technology,Buy
NVST,Envista Holdings Corporation,28.43,USD,-0.8371119637251552,1320903,0.49565020930845416,4658977541.678061,USD,103.41942524554383,0.2749,USD,,0,Health technology,Buy
MMYT,MakeMyTrip Limited,49.05,USD,-3.6535061873895103,1861379,1.340657551907491,4653235787.139069,USD,100.04079135223331,0.4903,USD,-73.28065395095368,0,Technology services,Strong buy
PAGP,"Plains GP Holdings, L.P.",23.45,USD,1.6031195840554637,1819332,0.9765829794559392,4640851810.500434,USD,18.83382860814392,1.2451,USD,138.15990818668706,6.74826689774697,Industrial services,Neutral
NSA,National Storage Affiliates Trust,34.26,USD,-0.9253903990746104,1528259,0.9715473242317065,4640738470,USD,49.3304535637149,0.6945,USD,-38.84290243043325,6.59340659340659,Finance,Neutral
BETA,"Beta Technologies, Inc.",20.21,USD,4.660797514241337,1122610,1.2761192316252858,4628699001.295184,USD,,,,,0,Electronic technology,Strong buy
MWA,MUELLER WATER PRODUCTS,29.54,USD,0.6130790190735685,596490,0.5673435748570798,4619622299.273843,USD,23.294692847567227,1.2681,USD,45.39096537491402,0.933242506811989,Producer manufacturing,Buy
ZETA,Zeta Global Holdings Corp.,18.76,USD,3.991130820399127,9788139,0.9186489527484961,4613892184.751664,USD,,-0.1507,USD,64.15318744053282,0,Technology services,Strong buy
LAUR,"Laureate Education, Inc.",32.3,USD,-0.8289837273564726,1402718,0.9169702494137533,4610618941.470678,USD,16.863318366920748,1.9154,USD,-1.3341575233091245,0,Commercial services,Strong buy
WIX,Wix.com Ltd.,83.78,USD,12.668101129639595,6282029,2.087250176544932,4596565269.048951,USD,36.3029725279487,2.3078,USD,45.74044837385538,0,Technology services,Strong buy
EBC,"Eastern Bankshares, Inc.",19.55,USD,0.5141388174807271,2480761,1.0678359384268061,4587168615.082263,USD,47.98723613156603,0.4074,USD,-38.85637100405223,2.62210796915167,Finance,Strong buy
S,"SentinelOne, Inc.",13.49,USD,1.6578749058025672,8444495,1.1174839663882539,4584832547.722683,USD,,-1.2538,USD,-34.25420280543957,0,Technology services,Buy
LAZ,"Lazard, Inc.",48.39,USD,-1.566314076484939,1803264,1.3847202556604152,4544202429.548617,USD,22.29029434796628,2.1709,USD,-18.313515954244426,4.06834825061025,Finance,Buy
TERN,"Terns Pharmaceuticals, Inc.",42.53,USD,2.4572392194651966,1971448,1.0228942376769774,4522205384.796193,USD,,-1.032,USD,12.445914991091884,0,Health technology,Strong buy
DUOL,"Duolingo, Inc.",96.17,USD,-5.35380375947249,3397718,0.7159087279256148,4505972122.237969,USD,11.412804841867915,8.4265,USD,356.22631293990264,0,Technology services,Neutral
FOLD,"Amicus Therapeutics, Inc.",14.33,USD,-0.06973500697349921,5574568,1.5843954034250092,4499630543.64226,USD,,-0.0886,USD,51.9262072707542,0,Health technology,Neutral
SHC,Sotera Health Company,15.76,USD,0.3821656050955446,1505798,0.8498630159871309,4482019281.182166,USD,58.133530062707486,0.2711,USD,74.34083601286174,0,Health technology,Buy
LBRT,Liberty Energy Inc.,27.47,USD,-1.2935680919870625,4206279,1.219131725082757,4451555487.742006,USD,30.624303232998884,0.897,USD,-51.90090621481045,1.18577075098814,Industrial services,Buy
HCC,"Warrior Met Coal, Inc.",84.1,USD,2.6360751769587463,896057,0.8124073180187371,4421150259.554552,USD,77.5758693847431,1.0841,USD,-77.37829434718194,0.390529655845741,Energy minerals,Buy
ANF,Abercrombie & Fitch Company,95.65,USD,-3.5980649062688905,4245110,2.8795104972565317,4386275227.235437,USD,9.17162883909137,10.4289,USD,3.256435643564365,0,Retail trade,Buy
ASB,Associated Banc-Corp,26.35,USD,-0.03793626707131264,6210631,2.8819621374636086,4373443924.984825,USD,9.523293216234775,2.7669,USD,256.28380118465105,3.52807283763278,Finance,Neutral
BTU,Peabody Energy Corporation,35.69,USD,2.3222477064220044,2984765,1.0465570104135538,4345181662.842889,USD,,-0.4479,USD,-116.63756918390848,0.860091743119266,Energy minerals,Strong buy
ARIS,Aris Mining Corporation,21.06,USD,3.03326810176124,1520262,1.1626179356748705,4332041876.206451,USD,83.6846685395714,0.25165899999999997,USD,,0,Non-energy minerals,Strong buy
BILL,"BILL Holdings, Inc.",43.64,USD,-0.2286236854138121,1802976,0.9535168369093246,4318633504.223137,USD,,-0.2367,USD,-352.6147278548559,0,Technology services,Buy
SKT,Tanger Inc.,37.41,USD,0.13383297644538855,538492,0.4524794181826493,4278009095.0000005,USD,37.70789234956153,0.9921,USD,12.764264605592174,3.13169164882227,Finance,Buy
MDU,"MDU Resources Group, Inc.",20.85,USD,1.0174418604651203,1498421,0.9699990063216727,4261381832.55814,USD,22.487057808455567,0.9272,USD,-32.53292585316161,2.61627906976744,Utilities,Buy
TREX,"Trex Company, Inc.",40.21,USD,0.12450199203188313,1645384,0.6497385758092639,4251699459.265688,USD,22.65735053811912,1.7747,USD,-14.82121430285577,0,Non-energy minerals,Buy
SMR,NuScale Power Corporation,12.54,USD,0.07980845969672616,18067263,0.7416721440835973,4238724743.2721467,USD,,-2.2522,USD,-53.660367060107816,0,Producer manufacturing,Buy
LBTYA,Liberty Global Ltd.,12.77,USD,1.1885895404120472,4542429,0.9682647829165452,4236850316.5966725,USD,,-20.9132,USD,-103.55460385438973,0,Communications,Neutral
LBTYK,Liberty Global Ltd.,12.47,USD,0.9716599190283481,2490811,1.266280836036522,4227767293.113361,USD,,-20.9132,USD,-103.55460385438973,0,Communications,Neutral
HSAI,Hesai Group,25.36,USD,1.358912869704236,1594814,0.9377408569893068,4222927181.6626606,USD,58.44664669278635,0.4339,USD,,0,Producer manufacturing,Strong buy
SKE,Skeena Resources Limited,34.87,USD,-0.42832667047403106,782950,0.864593093525021,4222524818.0211253,USD,,-0.7448532,USD,45.63317279404124,0,Non-energy minerals,Strong buy
GTLB,GitLab Inc.,25.05,USD,-6.1797752808988715,23349890,3.1820110731781504,4218420197.022472,USD,,-0.2596,USD,19.876543209876544,0,Technology services,Buy
CALM,"Cal-Maine Foods, Inc.",88.5,USD,0.5796113194681273,860507,1.052740203570528,4217382889.4135704,USD,3.738941604914279,23.6698,USD,84.12483567089059,9.03511762700307,Process industries,Buy
CROX,"Crocs, Inc.",83.57,USD,-2.1199344108690585,1230639,0.8815662642316934,4198021549.71293,USD,,-1.2578,USD,-107.8713351481586,0,Consumer non-durables,Neutral
FRPT,"Freshpet, Inc.",85.5,USD,1.652597788610154,1552106,0.8392668293680504,4194388465.2954464,USD,33.31514962593516,2.5664,USD,175.12864493996568,0,Consumer non-durables,Buy
AMRX,"Amneal Pharmaceuticals, Inc.",13.3,USD,-0.07513148009015617,2302557,1.137917808736393,4184567020.007514,USD,60.07226738934056,0.2214,USD,,0,Health technology,Strong buy
LMND,"Lemonade, Inc.",54.77,USD,5.611261087543394,1875198,0.46333583228233094,4183520954.515812,USD,,-2.2449,USD,21.24539554464129,0,Finance,Neutral
BFAM,Bright Horizons Family Solutions Inc.,75.76,USD,0.9864036256998255,937679,0.7142093288780257,4175409455.4700084,USD,22.557689444692574,3.3585,USD,39.89086971009664,0,Commercial services,Buy
PPTA,Perpetua Resources Corp.,34.2,USD,-0.32060623724861387,1218203,0.7136735938491363,4168045845.590207,USD,,-0.499,USD,-128.68927589367553,0,Non-energy minerals,Strong buy
NTSK,"Netskope, Inc.",10.59,USD,3.3170731707317063,1871112,0.585163219335913,4164611386.2907314,USD,,-1.7981,USD,-86.6410629022213,0,Technology services,Strong buy
SHAK,"Shake Shack, Inc.",97.4,USD,1.3844072030810999,986480,0.5517965074180797,4157848065.398148,USD,89.12884333821377,1.0928,USD,364.42838929026766,0,Consumer services,Buy
STNG,Scorpio Tankers Inc.,80.19,USD,0.9822440498677762,1275460,1.0649812576624902,4150858375.5878353,USD,11.341008089607964,7.0708,USD,-45.808488787381776,2.04004533434076,Transportation,Strong buy
ITRI,"Itron, Inc.",92.29,USD,-1.7564402810304358,1050056,0.5693871291969185,4147624184.0526934,USD,14.191474966170503,6.5032,USD,25.505635324996124,0,Electronic technology,Strong buy
USAR,"USA Rare Earth, Inc.",18.91,USD,-2.626158599382088,9629378,0.7157940495534677,4121257581.467559,USD,,-2.5128,USD,-844.9747998814113,0,Producer manufacturing,Strong buy
CMBT,CMB.TECH NV,14.12,USD,-1.3277428371768085,1923572,0.7641257975301725,4097197003.9356914,USD,,,,,0.480104501607717,Transportation,Strong buy
ASO,"Academy Sports and Outdoors, Inc.",60.84,USD,1.7731682837069291,980683,0.6858891475656598,4056890044.691201,USD,11.11740520785747,5.4725,USD,-10.02581260378475,0.869856139176982,Retail trade,Buy
INDV,"Indivior Pharmaceuticals, Inc.",32.16,USD,4.178814382896001,2297747,1.1759495622790406,4022098193.617103,USD,19.368826788725606,1.6604,USD,,0,Health technology,Strong buy
IRT,"Independence Realty Trust, Inc.",16.74,USD,1.2704174228674971,2315381,0.6504569136321875,4020458193,USD,69.95403259506894,0.2393,USD,37.370838117106786,4.05323653962492,Finance,Buy
WHD,"Cactus, Inc. Class A Common Stock",50.02,USD,-0.3784106751643054,1482843,1.0777600046051319,3994510907.779327,USD,20.806122873424567,2.4041,USD,-13.134123428241065,1.07548297151962,Industrial services,Buy
LEU,Centrus Energy Corp.,203.08,USD,2.9034709906258014,585420,0.8182921035273278,3993480168.1386375,USD,48.710752920294546,4.1691,USD,-5.215414345799705,0,Non-energy minerals,Buy
ACAD,ACADIA Pharmaceuticals Inc.,23.39,USD,3.955555555555558,1927324,0.866854350087946,3987869013.143556,USD,10.221115189652158,2.2884,USD,68.28945433151937,0,Health technology,Buy
VISN,"Vistance Networks, Inc.",17.56,USD,0.8615738081562239,6268948,1.1361727060634121,3959113051.834577,USD,2.940486955356844,5.9718,USD,,0,Electronic technology,Buy
HYMC,Hycroft Mining Holding Corporation,47.665,USD,-1.7419088847660253,3449409,0.661107302970404,3957404743.7920017,USD,,-1.2115,USD,54.69164890235238,0,Non-energy minerals,Neutral
OSCR,"Oscar Health, Inc.",15.05,USD,10.095098756400883,10729791,1.6347235513602896,3945463066.8873444,USD,,-1.751,USD,-11052.866242038217,0,Health services,Neutral
ADMA,ADMA Biologics Inc,16.54,USD,0.9768009768009777,8251270,2.05241953216614,3939152377.3516483,USD,27.6126878130217,0.599,USD,-25.994563874474924,0,Health technology,Strong buy
TAC,TransAlta Corporation,13.25,USD,-0.15071590052750244,1009314,0.6430487004677632,3932599854.884424,USD,,-0.46619363999999996,USD,-218.5507589933179,1.43093010456797,Utilities,Buy
TPH,"Tri Pointe Homes, Inc.",46.35,USD,-0.02157031924072047,2153925,0.5300189541279198,3915635830.6255393,USD,17.059256532940744,2.717,USD,-43.72993683338511,0,Consumer durables,Neutral
CUZ,Cousins Properties Incorporated,24.07,USD,3.3490768570201856,1895263,0.7301380786518875,3912300453,USD,100.29166666666667,0.24,USD,-19.463087248322147,5.49592099613568,Finance,Buy
HRB,"H&R Block, Inc.",30.85,USD,-2.063492063492059,1618286,0.5407725947190625,3910537828.1777782,USD,7.116001199455631,4.3353,USD,19.344271320817047,5.04761904761905,Consumer services,Neutral
SLM,SLM Corporation,19.64,USD,2.344971339239183,6359662,1.0392740304692039,3891757092.1417403,USD,5.677777456563846,3.4591,USD,30.389385201100687,2.70974465867639,Finance,Buy
STNE,StoneCo Ltd.,14.29,USD,4.07865986890021,9195892,1.4831465016129084,3880336399.8018937,USD,9.376025195197165,1.5241,USD,,0,Commercial services,Buy
CGAU,Centerra Gold Inc.,19.36,USD,-0.8196721311475417,1018833,0.5557615380196929,3873809888.9309306,USD,6.740214663582099,2.87231208,USD,774.427305495084,1.05105105105105,Non-energy minerals,Buy
WSC,WillScot Holdings Corporation,21.41,USD,2.293358815097948,1799158,0.7274983867249634,3872093427.214047,USD,,-0.3016,USD,-302.28034875922197,1.33779264214047,Finance,Buy
MNDY,monday.com Ltd.,76.03,USD,3.357803153887981,1363607,0.46444081133128945,3860296494.0573688,USD,33.93287512273498,2.2406,USD,270.4083319556952,0,Technology services,Buy
ALHC,"Alignment Healthcare, Inc.",18.88,USD,2.330623306233061,3557123,1.0672689531875779,3857117956.839024,USD,,-0.0092,USD,98.63095238095238,0,Health services,Strong buy
CVLT,"Commvault Systems, Inc.",87.57,USD,0.6551724137930955,797426,0.7648114567207461,3850837168.232069,USD,45.38011089806705,1.9297,USD,-49.33308827390643,0,Technology services,Strong buy
NIQ,NIQ Global Intelligence plc,12.97,USD,-1.5186028853454767,869209,0.8021562756266065,3827544075.0827637,USD,,-1.5241,USD,35.36471586089907,0,Technology services,Strong buy
AEO,"American Eagle Outfitters, Inc.",22.45,USD,0.9442446043165507,10600968,2.2391464173200664,3805544213.2531476,USD,19.378506689684937,1.1585,USD,-0.80486343008818,2.24820143884892,Retail trade,Neutral
FULT,Fulton Financial Corporation,21.1,USD,1.735776277724219,2205235,1.191318101897138,3798222754.5515924,USD,10.14423076923077,2.08,USD,32.24821973550357,3.51976856316297,Finance,Neutral
CORT,Corcept Therapeutics Incorporated,35.69,USD,1.1621315192743666,1082134,0.3966413403556303,3796488765.100056,USD,43.625473658476956,0.8181,USD,-33.65501581380261,0,Health technology,Buy
LUNR,"Intuitive Machines, Inc.",18.62,USD,2.3076923076923173,7193617,0.6463143534015999,3783771667.0923076,USD,,-1.8673,USD,37.973758511875104,0,Electronic technology,Buy
FSM,Fortuna Mining Corp.,12.38,USD,0.9787928221859787,3850648,0.4388961451604974,3779118972.847255,USD,13.073534258277787,0.94695128,USD,147.2719835907405,0,Non-energy minerals,Buy
CRGY,Crescent Energy Company,11.51,USD,2.402135231316722,36948558,4.39573348090567,3774132014.718861,USD,21.978231812106166,0.5237,USD,,4.27046263345196,Energy minerals,Strong buy
BOX,"Box, Inc.",26.35,USD,10.158862876254178,6583997,2.7103978136333895,3774052903.438545,USD,21.248286428513833,1.2401,USD,54.78032950574138,0,Technology services,Buy
HIMS,"Hims & Hers Health, Inc.",16.45,USD,3.982300884955746,20434869,0.611237262463631,3749592611.150442,USD,31.507374066270827,0.5221,USD,-2.374719521316388,0,Health services,Neutral
LASR,"nLIGHT, Inc.",67.02,USD,6.262882511495158,2512215,1.0135872819238951,3739134302.104328,USD,,-0.4704,USD,62.852404643449425,0,Electronic technology,Strong buy
DAN,Dana Incorporated,34.21,USD,1.6038016038016012,1142954,0.6436059873645431,3716674662.631423,USD,62.529702065435934,0.5471,USD,,1.24740124740125,Producer manufacturing,Buy
VKTX,"Viking Therapeutics, Inc.",32.14,USD,0.6576886940181674,1650969,0.6878419302065226,3713915185.89477,USD,,-3.183,USD,-215.49212013083562,0,Health technology,Strong buy
GTX,Garrett Motion Inc.,19.52,USD,2.2524882137244613,2333037,0.7613220465839471,3708235004.8988996,USD,12.769019428272388,1.5287,USD,20.455440863604135,1.04766893661603,Producer manufacturing,Buy
LRN,"Stride, Inc.",86.69,USD,0.046162723600683256,924881,1.2253776702427568,3691285225.5471435,USD,13.19161239272019,6.5716,USD,9.867255157655404,0,Consumer services,Buy
EXK,Endeavour Silver Corporation,12.42,USD,4.4575273338940224,6481584,0.5055623776797091,3673008429.7956924,USD,,-0.43014774,USD,-251.30912441529168,0,Non-energy minerals,Strong buy
RELY,"Remitly Global, Inc.",17.37,USD,-1.1945392491467426,3677630,0.5198688916504303,3659066710.627987,USD,55.37137392413134,0.3137,USD,,0,Commercial services,Strong buy
MIAX,"Miami International Holdings, Inc.",42.82,USD,1.8553758325404406,1547796,0.751706168090928,3658030367.062321,USD,,-1.1591,USD,-190.72479649342517,0,Finance,Buy
KC,Kingsoft Cloud Holdings Limited,12.13,USD,3.014861995753719,1163079,0.807903356037372,3651196286.4414005,USD,,-0.5233,USD,55.584790358173485,0,Technology services,Strong buy
BNL,"Broadstone Net Lease, Inc.",18.9,USD,-0.8914525432616764,2529887,1.1939056370342098,3650444487,USD,38.08948004836759,0.4962,USD,-41.78106300598381,6.08285264813844,Finance,Buy
SA,"Seabridge Gold, Inc.",34.91,USD,-1.9106490587243798,761232,0.8755491217387683,3642744266.1239977,USD,,-0.38312479999999993,USD,-251.6972401310604,0,Non-energy minerals,Strong buy
COLD,"Americold Realty Trust, Inc.",12.56,USD,-0.946372239747628,4522404,0.684239821185162,3612274679,USD,,-0.2189,USD,78.15587266739847,7.25552050473186,Finance,Neutral
ALMS,Alumis Inc.,28.87,USD,2.5577264653641296,1042458,0.7597606391546196,3599826149.6749563,USD,,-3.8546,USD,13.761549992169488,0,Health technology,Strong buy
HNGE,"Hinge Health, Inc.",45.71,USD,3.043282236248876,1686630,1.2768384147560106,3598264468.5117216,USD,,-5.4418,USD,-3456.7320261437912,0,Technology services,Strong buy
LIF,"Life360, Inc.",44.86,USD,2.0241073459176726,1713350,1.5909081412694117,3597709672.4525814,USD,25.53070400091059,1.7571,USD,,0,Technology services,Buy
CSTM,Constellium SE,26.63,USD,3.0971738288811492,3328681,1.0458140290310483,3596907783.23616,USD,13.765119404528066,1.9346,USD,521.6580976863754,0,Non-energy minerals,Strong buy
KRC,Kilroy Realty Corporation,31.18,USD,3.9333333333333322,2243841,0.9756639811685247,3589098413,USD,13.461704516017615,2.3162,USD,30.977154489934396,7.2,Finance,Neutral
DLO,DLocal Limited,12.17,USD,1.9262981574539402,881555,0.8518672557632013,3586834122.456449,USD,20.721947897156475,0.5873,USD,45.768180689997536,0,Technology services,Strong buy
BKD,Brookdale Senior Living Inc.,15.07,USD,0.5336891260840565,3606936,0.6697519998217429,3583531476.042695,USD,,-1.1162,USD,-26.038843721770554,0,Health services,Buy
CALX,"Calix, Inc",54.28,USD,3.2331685051350383,453533,0.4926200352184119,3561184235.103081,USD,216.0828025477707,0.2512,USD,,0,Electronic technology,Strong buy
FIBK,"First Interstate BancSystem, Inc.",35.16,USD,1.2381226605240419,883058,0.886992343237665,3555319430.024762,USD,11.935232017380086,2.9459,USD,34.49755741222663,5.41318744601209,Finance,Neutral
CNTA,Centessa Pharmaceuticals plc,26.7,USD,1.9083969465648856,2590285,2.7292764030282575,3521834206,USD,,-1.8203,USD,-18.919448618279226,0,Health technology,Strong buy
STUB,"StubHub Holdings, Inc.",10.17,USD,0,5106143,1.639004137390537,3514141602.9999995,USD,,-4.0268,USD,-678.2309017805858,0,Technology services,Buy
WK,Workiva Inc.,61.83,USD,-1.1510791366906459,1155873,0.6728925771386407,3514085835.6820145,USD,,-0.4746,USD,52.28712174524982,0,Technology services,Strong buy
OII,"Oceaneering International, Inc.",35.14,USD,-0.08529997156667937,943005,0.5110153018195895,3492696032.7921524,USD,10.040000000000001,3.5,USD,142.93746095647947,0,Producer manufacturing,Neutral
ZIM,ZIM Integrated Shipping Services Ltd.,28.85,USD,3.3679684700824124,2448962,0.5250127433867895,3475198979.4016485,USD,3.46750640016346,8.3201,USD,-30.275959741554857,15.3350053744178,Transportation,Sell
HP,"Helmerich & Payne, Inc.",34.32,USD,1.0600706713780903,1188882,0.7821459860843143,3426834311.45583,USD,,-3.1838,USD,-205.27394769037463,2.94464075382803,Industrial services,Neutral
FLY,Firefly Aerospace Inc.,21.4,USD,2.588686481303927,1952460,0.8563158524218929,3407974263.2502394,USD,,-2.726,USD,,0,Electronic technology,Buy
TGNA,TEGNA Inc,20.95,USD,0.0955566172957457,3496695,2.0748752933902126,3391966356.039178,USD,15.510476049455837,1.3507,USD,-61.90704495459417,2.38891543239369,Consumer services,Sell
CLBT,Cellebrite DI Ltd.,14.16,USD,3.019279738086584,1997572,0.9071203131043939,3390896052.9996367,USD,45.18187619655392,0.3134,USD,,0,Technology services,Strong buy
WHR,Whirlpool Corporation,59.95,USD,-0.6628003314001634,3360362,0.672999888065739,3388295957.7158246,USD,10.646043472084104,5.6312,USD,,7.37365368682684,Consumer durables,Neutral
HAYW,"Hayward Holdings, Inc.",15.5,USD,-0.5134788189987168,2119408,0.7203897363782561,3366718664.5378685,USD,22.727272727272727,0.682,USD,27.33383121732638,0,Consumer durables,Neutral
LCID,"Lucid Group, Inc.",10.27,USD,1.5825914935707235,4917659,0.6729294220642041,3365317288.64095,USD,,-12.1395,USD,4.590681882486084,0,Consumer durables,Neutral
WRBY,Warby Parker Inc.,27.36,USD,-0.4366812227074272,2851606,0.6360414980293706,3362508992.541485,USD,2261.1570247933882,0.0121,USD,,0,Retail trade,Buy
ACMR,"ACM Research, Inc.",51.82,USD,0.5432673651532812,1463791,0.8551799023191364,3361897799.8692274,USD,37.78895938160869,1.3713,USD,-9.907364824912952,0,Producer manufacturing,Strong buy
RNG,"RingCentral, Inc.",39.17,USD,6.382400869092889,2781542,0.6245854591335515,3353962290.2569256,USD,81.28242373936502,0.4819,USD,,0,Technology services,Buy
FBP,First BanCorp. New,21.26,USD,-0.5612722170252453,2051032,1.83705825193065,3328573119.118803,USD,9.901727912067441,2.1471,USD,18.77523925430104,3.46117867165575,Finance,Buy
GPK,Graphic Packaging Holding Company,11.19,USD,-0.7978723404255307,5915754,1.10983871661889,3309340657.1117024,USD,7.553665451599837,1.4814,USD,-31.228819460563578,3.90070921985816,Process industries,Neutral
CNK,"Cinemark Holdings, Inc.",28.61,USD,-0.2440725244072534,1894996,0.5650007110973828,3305205689.2907953,USD,29.280523999590624,0.9771,USD,-51.83140251417303,1.15062761506276,Consumer services,Buy
ERO,Ero Copper Corp.,31.7,USD,2.821926694777817,1255101,0.8072476645567361,3302895740.4208274,USD,23.694744714913355,1.3378493999999999,USD,651.132172877539,0,Non-energy minerals,Buy
LEGN,Legend Biotech Corporation,17.85,USD,-0.05599104143335953,1660175,0.7499493385827867,3298555735,USD,,-1.3059,USD,31.535073922617173,0,Health technology,Strong buy
GBDC,"Golub Capital BDC, Inc.",12.46,USD,2.0475020475020473,3909967,1.181673961978307,3279823132.18837,USD,10.02574831026714,1.2428,USD,-9.660536454168788,12.7764127764128,Finance,Strong buy
BXMT,"Blackstone Mortgage Trust, Inc.",19.44,USD,0.46511627906976666,1128073,0.9319787139261657,3265092893,USD,30.247393807375136,0.6427,USD,,9.71576227390181,Finance,Buy
DNLI,Denali Therapeutics Inc.,20.37,USD,1.7482517482517552,1249589,0.7596260316454869,3230508759.3566437,USD,,-2.9692,USD,-15.299782541161838,0,Health technology,Strong buy
SEI,"Solaris Energy Infrastructure, Inc.",50.03,USD,5.105042016806722,3114269,1.0138792111867643,3211325149.1594534,USD,73.50866882162798,0.6806,USD,37.32849071832123,1.00840336134454,Technology services,Strong buy
YETI,"YETI Holdings, Inc.",42.64,USD,-1.8867924528301894,1009534,0.5056659982950689,3209442970.867924,USD,20.904010197078144,2.0398,USD,-0.7879377431906611,0,Producer manufacturing,Buy
CAKE,The Cheesecake Factory Incorporated,64.04,USD,0.7869058860560388,1092068,0.6443146665206625,3192976098.8064218,USD,20.93357740585774,3.0592,USD,-4.37310493576318,1.69971671388102,Consumer services,Neutral
CARG,"CarGurus, Inc.",33.53,USD,3.328197226502306,1482824,0.6946176900728616,3191692287.845608,USD,21.52532580086024,1.5577,USD,761.5597345132744,0,Technology services,Buy
KMT,Kennametal Inc.,41.78,USD,2.982499383781121,3239925,2.2333208429906017,3183585485.024402,USD,29.239274966757645,1.4289,USD,17.498560973604153,1.97190041902884,Producer manufacturing,Neutral
BWIN,"The Baldwin Insurance Group, Inc.",22.05,USD,-1.0767160161507334,1167727,0.5902748290835741,3162518895.625841,USD,,-0.493,USD,-26.475115443817348,0,Finance,Buy
COCO,"The Vita Coco Company, Inc.",55.175,USD,1.9493717664449368,648684,0.3821906207860854,3149508799.6872687,USD,46.31495005456224,1.1913,USD,25.98350253807107,0,Consumer non-durables,Buy
QTWO,"Q2 Holdings, Inc.",49.99,USD,-1.068672075994457,2620307,1.8275506269856592,3119594348.3659215,USD,64.02407786885246,0.7808,USD,,0,Technology services,Strong buy
CWK,Cushman & Wakefield Ltd.,13.42,USD,0.2989536621823553,1488487,0.5145501072994124,3111047255.122571,USD,35.70098430433626,0.3759,USD,-32.58608321377331,0,Finance,Buy
VRDN,"Viridian Therapeutics, Inc.",30.39,USD,3.649386084583903,1018432,0.731892920761067,3106057735.4764667,USD,,-3.8066,USD,-0.8504437673864034,0,Health technology,Strong buy
FHB,"First Hawaiian, Inc.",25.15,USD,0.5597760895641624,1234308,0.9213250393965975,3085634785.8256693,USD,11.420916397983742,2.2021,USD,22.7617348645334,4.15833666533387,Finance,Sell
FSK,FS KKR Capital Corp.,11.01,USD,0.5479452054794567,7854304,1.1719419195889462,3083531414.9123287,USD,280.1526717557252,0.0393,USD,-98.11853695901954,25.5707762557078,Miscellaneous,Neutral
AAP,Advance Auto Parts Inc.,51.21,USD,-1.3484877672895315,1120500,0.5810805463723279,3077720913.1866693,USD,70.2854790008235,0.7286,USD,,1.92641109612791,Retail trade,Neutral
PAGS,PagSeguro Digital Ltd.,10.57,USD,5.5944055944055995,6079183,1.563795642474035,3075674966.0769234,USD,8.259748378526217,1.2797,USD,5.786558650905188,0.0013986013986014,Commercial services,Buy
CTRI,"Centuri Holdings, Inc.",30.41,USD,1.807833947104115,2182757,0.9928329765316917,3065828160.5085373,USD,132.04515848892748,0.2303,USD,,0,Utilities,Neutral
OPLN,"OPENLANE, Inc.",28.7,USD,1.3418079096045163,1010473,0.7455050121703881,3050730352.4329095,USD,,-1.1834,USD,-359.4606445954834,0,Technology services,Buy
FSLY,"Fastly, Inc.",20.04,USD,-5.180979418026981,9832948,0.6258769436548007,3042072093.87083,USD,,-0.8329,USD,27.384481255449,0,Technology services,Neutral
CON,"Concentra Group Holdings Parent, Inc.",23.56,USD,0.340715502555359,631745,0.7793024031816267,3030634659.8296423,USD,18.30471602828063,1.2871,USD,-1.8604651162790846,1.06473594548552,Health services,Strong buy
DJT,Trump Media & Technology Group Corp.,10.95,USD,2.913533834586454,3217620,0.9643711782129237,3030208086.9642854,USD,,-2.6124,USD,34.27593841199557,0,Commercial services,No rating
CPRX,"Catalyst Pharmaceuticals, Inc.",24.69,USD,3.2190635451504996,1026383,0.7154689543091894,3015238757.602424,USD,14.658908745472898,1.6843,USD,28.70023687628944,0,Health technology,Strong buy
ARQT,"Arcutis Biotherapeutics, Inc.",24.12,USD,2.2033898305084727,1421238,0.796309552411142,2991685323.874576,USD,,-0.1399,USD,87.9707652622528,0,Health technology,Strong buy
LQDA,Liquidia Corporation,34.38,USD,8.181246066708626,2040506,1.0112162157273419,2990904783.7117686,USD,,-1.4303,USD,11.911067315390776,0,Health technology,Strong buy
DHT,"DHT Holdings, Inc.",18.62,USD,-3.3229491173416434,7310115,1.0872765626037897,2989589686.403946,USD,14.18234442836469,1.3129,USD,16.85803293279929,5.08826583592939,Transportation,Buy
SLG,SL Green Realty Corp,40.97,USD,4.916773367477598,2422823,1.459596378562981,2964249217,USD,,-1.6123,USD,-3445.0207468879667,7.87451984635083,Finance,Buy
KD,"Kyndryl Holdings, Inc.",13.14,USD,2.256809338521408,3558975,0.7322188838375239,2962376155.849027,USD,12.526215443279314,1.049,USD,87.75729371755861,0,Technology services,Neutral
TWST,Twist Bioscience Corporation,48.06,USD,3.022508038585217,1056265,0.8757037345446186,2946640529.679743,USD,,-1.2745,USD,62.3474844160832,0,Health technology,Buy
IAC,IAC Inc.,38.19,USD,1.4342629482071692,1329861,1.173870408991835,2937115426.5386457,USD,,-1.3325,USD,79.31318212162142,0,Technology services,Buy
SFNC,Simmons First National Corporation,20.21,USD,0.049504950495057244,927949,0.807684882528485,2927779230.4910893,USD,,-2.7859,USD,-329.74600032986973,5.25990099009901,Finance,Buy
DBRG,"DigitalBridge Group, Inc.",15.43,USD,-0.1940491591203178,1715393,0.5218218171689996,2919001603,USD,34.15227976980965,0.4518,USD,899.5575221238937,0.258732212160414,Finance,Neutral
SBLK,Star Bulk Carriers Corp.,25.63,USD,-2.361904761904766,4550455,1.9397592338759782,2917909954.570286,USD,34.80445410103204,0.7364,USD,-74.27423580786025,1.14285714285714,Transportation,Buy
FLNC,"Fluence Energy, Inc.",15.8,USD,5.8981233243967885,4469752,0.8534543169723047,2906177374.6514745,USD,,-0.4504,USD,-249.14728682170542,0,Producer manufacturing,Neutral
APLE,"Apple Hospitality REIT, Inc.",12.43,USD,2.052545155993432,2088346,0.8377506191327307,2870324420,USD,16.847384114936297,0.7378,USD,-16.764440433212993,7.88177339901478,Finance,Neutral
TXG,"10x Genomics, Inc.",22.37,USD,-1.1052166224580016,1974472,0.7274017085654028,2857818109.4053936,USD,,-0.3496,USD,76.95603453958209,0,Health technology,Neutral
RUN,Sunrun Inc.,12.17,USD,5.459272097053733,15410493,1.0092491153045484,2853772512.218371,USD,7.0850555976014435,1.7177,USD,,0,Electronic technology,Buy
RCUS,"Arcus Biosciences, Inc.",22.68,USD,1.1145786892554614,1017901,0.6959457694756941,2842926237.341061,USD,,-3.3003,USD,-6.499080318822808,0,Health technology,Buy
BANC,"Banc of California, Inc.",18.28,USD,1.4428412874583882,3037883,1.0531110455462416,2841770506.3418427,USD,15.619926514568917,1.1703,USD,126.31986076194157,2.21975582685905,Finance,Strong buy
VERA,"Vera Therapeutics, Inc.",39.65,USD,0.8905852417302835,1759665,1.680944679704747,2829252146.003817,USD,,-4.6638,USD,-70.12475377544321,0,Health technology,Strong buy
SVM,Silvercorp Metals Inc.,12.69,USD,2.919708029197076,2869460,0.43304257327368856,2795750197.4243317,USD,,-0.07966508,USD,-123.33927315016852,0.204973293768546,Non-energy minerals,Buy
BEAM,Beam Therapeutics Inc.,27.44,USD,0.8082292432035356,2232306,1.043038260473096,2794935136.0822926,USD,,-1.0157,USD,77.81248634715365,0,Health technology,Strong buy
FIGS,"FIGS, Inc.",16.97,USD,0.11799410029498274,3805539,0.5375993909444864,2791543037.115634,USD,91.13856068743286,0.1862,USD,1175.3424657534247,0,Consumer non-durables,Buy
DX,"Dynex Capital, Inc.",13.68,USD,-0.7256894049346854,4986268,0.8321716212151703,2783329284,USD,6.705882352941177,2.04,USD,38.841625263731025,14.5137880986938,Finance,Buy
HE,"Hawaiian Electric Industries, Inc.",16.12,USD,0.24875621890548946,1800211,0.6524220722439413,2782641933.6940303,USD,21.23847167325428,0.759,USD,,0,Utilities,Sell
UPST,"Upstart Holdings, Inc.",28.36,USD,0.42492917847025846,4050549,0.7408531305746215,2781017641.5028334,USD,65.95348837209302,0.43,USD,,0,Finance,Buy
OLN,Olin Corporation,24.47,USD,0.49281314168376766,3145154,1.1066682735148896,2780692418.6205335,USD,,-0.3799,USD,-142.48490270632968,3.28542094455852,Process industries,Neutral
NOG,"Northern Oil and Gas, Inc.",28.38,USD,1.0323958704165153,2771642,1.1279479585818708,2761222536.2734065,USD,84.81769276748356,0.3346,USD,-93.49760970111546,6.40797436810253,Energy minerals,Buy
VRNS,"Varonis Systems, Inc.",23.49,USD,-0.2547770700637039,1951156,0.7322687749717558,2758846932.825477,USD,,-1.1334,USD,-31.637630662020904,0,Technology services,Buy
HTGC,"Hercules Capital, Inc.",14.99,USD,3.2369146005509686,3759195,0.7398218080362169,2753594650.9683204,USD,8.166712067556524,1.8355,USD,13.773011839087582,11.0192837465565,Finance,Strong buy
AKR,Acadia Realty Trust,21.31,USD,1.4761904761904703,1233557,1.3168973772801236,2751827362,USD,226.46121147715195,0.0941,USD,-48.94194248507867,3.80952380952381,Finance,Buy
ETOR,eToro Group Ltd.,32.64,USD,3.65195300095269,2009013,1.2732472271402582,2732098185.81645,USD,12.67917492133784,2.5743,USD,8.150233163886902,0,Technology services,Buy
CLSK,"CleanSpark, Inc.",10.66,USD,7.785642062689581,21604832,1.040603784347766,2726326000.2285132,USD,,-1.071,USD,-815.4308617234468,0,Technology services,Strong buy
NMRK,"Newmark Group, Inc.",15.08,USD,3.4293552812071333,2014831,1.111929599184465,2725461649.569273,USD,22.0532319391635,0.6838,USD,95.48313321898226,0.823045267489712,Finance,Strong buy
RXO,"RXO, Inc.",16.53,USD,0.5474452554744517,1524736,0.7633142807138008,2714126407.755474,USD,,-0.5936,USD,72.01715928911517,0,Technology services,Neutral
XRAY,DENTSPLY SIRONA Inc.,13.44,USD,1.0526315789473593,5714119,0.8218337493426473,2684631015.410526,USD,,-2.9975,USD,34.17585313364662,4.81203007518797,Health technology,Neutral
UCTT,"Ultra Clean Holdings, Inc.",58.97,USD,-1.057046979865776,1548280,0.5358827695006324,2682547579.645637,USD,,-4.0077,USD,-873.8366480015447,0,Producer manufacturing,Strong buy
CVI,CVR Energy Inc.,26.45,USD,5.7154276578736996,1163368,0.6660746984904239,2659034458.8009596,USD,98.4735666418466,0.2686,USD,285.3658536585366,0,Energy minerals,Sell
VNET,"VNET Group, Inc.",10.26,USD,4.0567951318458455,8288984,0.9091915715968795,2652595291,USD,,-0.2927,USD,86.12796208530807,0,Technology services,Strong buy
TDC,Teradata Corporation,28.72,USD,-5.401844532279316,2400398,1.1405722223866803,2647983965.9446645,USD,21.30247737724373,1.3482,USD,15.606242496998815,0,Technology services,Neutral
CVBF,CVB Financial Corporation,19.49,USD,-0.40878896269801657,957295,0.7680550646929107,2646747668.731732,USD,12.874033952044387,1.5139,USD,5.366091314031177,4.08788962698007,Finance,Buy
CALY,Callaway Golf Company,14.34,USD,1.4861995753715433,2079187,0.6595462799495186,2639912054.9681525,USD,,-1.9754,USD,74.99272087400148,0,Consumer durables,Buy
SDRL,Seadrill Limited,42.4,USD,-1.2345679012345707,833245,0.8057683009380138,2637751208.888889,USD,,-1.241,USD,-119.46208735199559,0,Industrial services,Buy
SHOO,"Steven Madden, Ltd.",36.12,USD,0.7250418293363023,1203186,0.6334901141327435,2633574688.400446,USD,57.977528089887635,0.623,USD,-73.52991162474507,2.34244283324038,Consumer non-durables,Buy
HUBG,"Hub Group, Inc.",43.05,USD,-0.48543689320388544,659298,0.7281418455099864,2632658445.679611,USD,24.77412671922656,1.7377,USD,-1.3175080924527167,1.15580212667591,Transportation,Buy
CC,Chemours Company (The),17.53,USD,4.5319022063208205,3040581,0.6782151930520852,2630995589.1454983,USD,,-2.5701,USD,-543.8093593507166,2.08706022659511,Process industries,Buy
TVTX,"Travere Therapeutics, Inc.",28.18,USD,-0.3183586841174385,1475576,0.8905687142636592,2599366825.670322,USD,,-0.603,USD,85.30057042562528,0,Health technology,Strong buy
DK,"Delek US Holdings, Inc.",43.18,USD,5.497190324945028,2104801,1.2781924249523837,2582527684.684095,USD,,-0.3537,USD,96.59294507484539,2.49205961397508,Energy minerals,Neutral
WVE,Wave Life Sciences Ltd.,13.71,USD,2.008928571428582,1320087,0.49813904499151934,2580975408.3638396,USD,,-1.2124,USD,-52.59911894273127,0,Health technology,Strong buy
NAVN,"Navan, Inc.",10.36,USD,5.2845528455284505,932468,0.5953579005906536,2575952571.727642,USD,,-1.497,USD,-68.69506423258962,0,Technology services,Strong buy
IRDM,Iridium Communications Inc,24.51,USD,2.125000000000006,1891823,0.9773706672196664,2572490103.8575,USD,23.046544428772922,1.0635,USD,12.136229439055237,2.375,Communications,Buy
BRSL,"Brightstar Lottery PLC Trading under the Legal Name to begin at the market open on July 21, 2025.",13.57,USD,1.0424422933730497,1849378,0.8590068853746322,2570524060.6016383,USD,36.53742595584276,0.3714,USD,-78.27053592323895,6.10573343261355,Consumer services,Buy
INFQ,"Infleqtion, Inc.",11.8,USD,-0.08467400508043849,2163534,0.5752497544425413,2554368791.6850133,USD,,,,,0,Electronic technology,No rating
CLMT,"Calumet, Inc",29.32,USD,5.12728576550735,1474366,0.9943282730721481,2544288622.088204,USD,,-0.4011,USD,84.761796216093,0,Energy minerals,Buy
APLS,"Apellis Pharmaceuticals, Inc.",19.86,USD,-1.4880952380952417,2883441,1.3978912958870175,2538701847.4940476,USD,160.80971659919027,0.1235,USD,,0,Health technology,Buy
ADPT,Adaptive Biotechnologies Corporation,16.44,USD,2.2388059701492726,1333810,0.8443943222282828,2531456956.0000005,USD,,-0.3987,USD,63.25345622119814,0,Health technology,Strong buy
DYN,"Dyne Therapeutics, Inc.",15.23,USD,4.31506849315069,1742645,0.8935927526197011,2513363257.7047944,USD,,-3.5434,USD,-5.7194856341558005,0,Health technology,Strong buy
ARX,Accelerant Holdings,11.33,USD,-2.327586206896548,1040936,0.9197263659085511,2513221236.8241377,USD,,,,,0,Finance,Buy
VRRM,Verra Mobility Corporation,16.5,USD,-1.727218582489572,1068761,0.506565543242644,2497472373.0196548,USD,19.50585175552666,0.8459,USD,383.92448512585815,0,Transportation,Buy
IMNM,"Immunome, Inc.",22.52,USD,4.54967502321263,1192947,1.3240981248028472,2484750469.8440113,USD,,-2.9562,USD,63.581935102372675,0,Health technology,Strong buy
HIW,"Highwoods Properties, Inc.",23.19,USD,2.747009304386358,1372602,0.8989001423332889,2481144697,USD,20.112749349522986,1.153,USD,-13.535808023996992,8.86132033673017,Finance,Neutral
WT,"WisdomTree, Inc.",17.5,USD,3.0017657445556303,1772573,0.5819656199705959,2478292202.619188,USD,23.581727529982484,0.7421,USD,155.89655172413794,0.706297822248381,Miscellaneous,Buy
IE,Ivanhoe Electric Inc.,15.66,USD,0.3846153846153878,1452717,0.8437924737403377,2465238570.5076923,USD,,-0.7954,USD,25.61488824464602,0,Non-energy minerals,Strong buy
RHI,Robert Half Inc.,24.32,USD,0.2886597938144342,2524030,0.6688696880578844,2459812177.4977317,USD,18.329816098884535,1.3268,USD,-45.64968048500737,9.7319587628866,Commercial services,Neutral
PARR,"Par Pacific Holdings, Inc. Common Stock",49.68,USD,8.56643356643357,2083901,1.5437211640447592,2434487440.924825,USD,6.809117199599786,7.2961,USD,,0,Energy minerals,Buy
VERX,"Vertex, Inc.",15.15,USD,3.4836065573770476,1642004,0.631677414132859,2423352343.7090163,USD,349.0783410138249,0.0434,USD,,0,Technology services,Buy
VSH,"Vishay Intertechnology, Inc.",17.78,USD,-0.9470752089136388,1372513,0.6590502467633617,2414426297.166574,USD,,-0.0662,USD,71.7937792927141,2.22841225626741,Electronic technology,Neutral
SLDE,"Slide Insurance Holdings, Inc.",19.41,USD,0.3100775193798383,1829443,0.7970253972137616,2413039690.4217052,USD,1.684413319101299,11.5233,USD,,0,Technology services,Strong buy
OCUL,"Ocular Therapeutix, Inc.",11.04,USD,2.6022304832713696,5971595,0.6390243153364412,2403317387.8661714,USD,,-1.4385,USD,-14.01283981929142,0,Health technology,Strong buy
PTY,Pimco Corporate & Income Opportunity Fund,12.68,USD,1.1164274322169105,1087380,0.7952451742671364,2402601300,USD,7.875776397515527,1.61,USD,21.08904933814683,11.3684210526316,Miscellaneous,No rating
AVPT,"AvePoint, Inc.",11.11,USD,2.8703703703703582,2129817,0.9362758131001252,2393827509.9749994,USD,73.77158034528551,0.1506,USD,,0,Technology services,Strong buy
NEOG,Neogen Corporation,10.8,USD,-0.9174311926605472,1993672,0.6539553868039547,2349280563.1926603,USD,,-2.7772,USD,-26.40873918980428,0,Health technology,Buy
TENB,"Tenable Holdings, Inc.",20.39,USD,2.1543086172344674,2856419,0.9017483459480661,2342558443.9028053,USD,,-0.3002,USD,2.34222511385816,0,Technology services,Buy
DNOW,DNOW Inc.,12.44,USD,0.8921330089213255,3796353,0.6190853574096223,2318146036.888889,USD,,-0.2886,USD,-138.69670152855994,0,Distribution services,Strong buy
NTST,NetSTREIT Corp.,21.2,USD,1.2900143334925924,1677969,1.1165073673547443,2304665486,USD,255.11432009626958,0.0831,USD,,4.06115623506928,Finance,Buy
EYE,"National Vision Holdings, Inc.",29.04,USD,9.049943672549757,2364702,1.8642027183737373,2303149406.6992116,USD,,-0.0336,USD,83.48082595870207,0,Retail trade,Buy
XMTR,"Xometry, Inc.",44.72,USD,8.385845855550173,865720,0.43346073323018375,2291794979.5346584,USD,,-1.217,USD,-18.2931570762053,0,Technology services,Buy
GLOB,Globant S.A.,52,USD,4.333868378812192,1336907,0.6712796881791876,2290369071.589085,USD,22.833055238429786,2.2774,USD,-38.928964093212834,0,Technology services,Buy
SEDG,"SolarEdge Technologies, Inc.",37.94,USD,0.3438243850832992,1608545,0.33164514834040526,2290297020.624702,USD,,-6.8795,USD,77.94728119580583,0,Producer manufacturing,Neutral
MLYS,"Mineralys Therapeutics, Inc.",28.77,USD,0.9119607155384006,1153188,1.2326748167430024,2276856484.108032,USD,,-2.958,USD,9.596577017114903,0,Health technology,Strong buy
NESR,National Energy Services Reunited Corp,22.59,USD,-3.4202650705429702,3361245,1.606409896866539,2276569442.5203075,USD,43.82153249272551,0.5155,USD,-35.29559432659722,0,Industrial services,Strong buy
CPRI,Capri Holdings Limited,18.96,USD,-0.052714812862403856,2318662,0.7088569685890843,2259308883.390617,USD,,-4.6397,USD,45.79979673609569,0,Retail trade,Buy
PK,Park Hotels & Resorts Inc.,11.44,USD,2.6008968609865395,3492579,0.7026459670472228,2245592501,USD,,-1.4257,USD,-240.3248031496063,8.96860986547085,Finance,Neutral
HUN,Huntsman Corporation,12.89,USD,4.119547657512114,5327366,0.7484727890878338,2242980392.3917603,USD,,-1.5921,USD,-68.90515595162317,6.76494345718901,Process industries,Neutral
IMAX,Imax Corporation,41.16,USD,-0.07283321194464953,735917,0.5289821085405384,2222352435.595047,USD,65.39561487130601,0.6294,USD,30.49968899025502,0,Consumer durables,Strong buy
ACHC,"Acadia Healthcare Company, Inc.",24.07,USD,4.697694649847768,2731521,0.6078816101860012,2219537443.880818,USD,,-12.1954,USD,-539.2522691254862,0,Health services,Buy
NN,NextNav Inc.,16.36,USD,-4.103165298944896,2518148,2.7516905839141996,2205803782.5556855,USD,,-1.2923,USD,-71.48354564755837,0,Technology services,Buy
BL,"BlackLine, Inc.",37.04,USD,1.2575177692728292,832528,0.49098119985636113,2205448217.7058506,USD,95.85921325051758,0.3864,USD,-82.64228920533668,0,Technology services,Buy
PLAB,"Photronics, Inc.",37.99,USD,7.7424844015882135,1161620,0.7668309599236721,2200486127.9753265,USD,16.196972926881262,2.3455,USD,-0.5301102629346979,0,Electronic technology,Strong buy
TALO,"Talos Energy, Inc.",13.04,USD,-0.38197097020626974,1662032,0.6049983990783817,2197431638.190985,USD,,-2.8494,USD,-456.5234375,0,Energy minerals,Buy
INTA,"Intapp, Inc.",27.24,USD,4.208110175975508,2282452,1.4259834963539038,2189981271.0390205,USD,,-0.292,USD,0.5110732538330499,0,Technology services,Buy
HOG,"Harley-Davidson, Inc.",19.46,USD,5.246078961600879,6719493,1.9508069808391915,2176611929.8053,USD,7.468815966225293,2.6055,USD,-21.67678710996212,3.8939967550027,Consumer durables,Buy
BRZE,"Braze, Inc.",19.36,USD,-1.174068402246046,2194355,0.7090571140350659,2172491990.0684023,USD,,-1.1049,USD,3.1214379658044784,0,Technology services,Strong buy
AXTI,AXT Inc,39.13,USD,-6.2978927203065025,11175806,1.2351975155564532,2162877734.0625,USD,,-0.4882,USD,-78.76235811058221,0,Electronic technology,Buy
FA,First Advantage Corporation,12.22,USD,3.296703296703302,1638062,0.8893877524648491,2130179474.3076928,USD,,-0.2021,USD,70.52217036172695,0,Technology services,Buy
ARR,"ARMOUR Residential REIT, Inc.",17.82,USD,-0.11210762331838327,2734008,0.7981421034433512,2129826959,USD,6.508162594499836,2.7381,USD,,16.1434977578475,Finance,Buy
DXC,DXC Technology Company,12.48,USD,1.216545012165453,2211880,0.8222428917576347,2118604337.4403892,USD,5.368896536889654,2.3245,USD,,0,Technology services,Sell
OSW,OneSpaWorld Holdings Limited,20.83,USD,-0.5253104106972444,772024,0.6227081704354127,2113230189.0592165,USD,30.166545981173062,0.6905,USD,-0.676064441887232,0.811843361986628,Consumer services,Strong buy
GRAL,"GRAIL, Inc.",54.04,USD,2.426080363912057,893862,0.24838761408177276,2106599291.5064445,USD,,-11.1787,USD,82.73770458893819,0,Health technology,Buy
RARE,Ultragenyx Pharmaceutical Inc.,21.8,USD,-1.2233801540552767,2277062,1.3018067980363777,2106529420.7159038,USD,,-5.8361,USD,7.907277662058955,0,Health technology,Strong buy
GRND,Grindr Inc.,11.24,USD,-0.7067137809187285,1044358,0.5390796594494156,2081060320.7703183,USD,25.662100456621005,0.438,USD,,0,Technology services,Buy
WERN,"Werner Enterprises, Inc.",34.52,USD,-0.02896032435562702,767738,0.754629853063334,2066691878.944686,USD,,-0.2489,USD,-145.50274223034734,1.62177816391544,Transportation,Neutral
BRBR,"BellRing Brands, Inc.",17.52,USD,-1.1844331641286003,2221783,0.7079226640986086,2054562000.6768188,USD,12.032140649680654,1.4561,USD,-31.364600518501067,0,Health technology,Buy
HTFL,"Heartflow, Inc.",23.93,USD,0.25136154168411695,851573,0.7365421329556058,2037848287.4956007,USD,,,,,0,Technology services,Strong buy
PENN,"PENN Entertainment, Inc.",15.27,USD,2.2772940388479563,4277390,0.6928067751976862,2037741185.3590088,USD,,-6.018,USD,-193.81896299189532,0,Consumer services,Buy
GEO,Geo Group Inc (The) REIT,15.05,USD,-0.06640106241699725,2758211,0.8254853133663772,2023486254,USD,8.27059405396494,1.8197,USD,854.2212899842685,0,Commercial services,Strong buy
PTRN,Pattern Group Inc. - Series A,11.48,USD,1.5030946065428816,873246,1.0305069208607183,2023062064.1414676,USD,,-0.9804,USD,-443.037088873338,0,Commercial services,Strong buy
DRH,Diamondrock Hospitality Company,10.01,USD,1.3157894736842004,2017468,0.6673309761098337,2022876158,USD,22.667572463768117,0.4416,USD,144.92512479201332,3.23886639676113,Finance,Buy
CNXC,Concentrix Corporation,32.96,USD,1.1974209395148927,965198,0.6830812690759084,2022655314.0976357,USD,,-20.7303,USD,-658.4220025321229,4.25391464537918,Technology services,Buy
SEM,Select Medical Holdings Corporation,16.25,USD,-0.06150061500615967,5446437,2.485793070725454,2015297327.0295203,USD,14.030391987566915,1.1582,USD,-30.161601543656545,1.53751537515375,Health services,Neutral
MGNI,"Magnite, Inc.",13.83,USD,0.43572984749455695,2203603,0.7542352858346243,1996559229.1655777,USD,14.747280870121562,0.9378,USD,576.1355443403028,0,Technology services,Strong buy
NKTR,Nektar Therapeutics,71.11,USD,4.404639553663192,1025632,0.90052455499135,1989623606.4364998,USD,,-7.936,USD,36.796164444656824,0,Health technology,Strong buy
PAX,Patria Investments Limited,12.46,USD,-0.3996802557953552,666266,0.6552817092916567,1986958740.319744,USD,,,,,4.79616306954437,Finance,Buy
APPN,Appian Corporation,26.82,USD,-0.2973977695167223,893538,0.5642842757806164,1983616350.7048328,USD,1697.4683544303796,0.0158,USD,,0,Technology services,Neutral
XIFR,"XPLR Infrastructure, LP",10.25,USD,0.7866273352999024,490720,0.4860843111415057,1975668836.3323503,USD,,-0.2906,USD,-201.76531671858777,0,Utilities,Neutral
SLNO,"Soleno Therapeutics, Inc.",38.13,USD,1.0869565217391404,1116610,0.7059051860112415,1968437750.3152177,USD,171.06325706594887,0.2229,USD,,0,Health technology,Strong buy
ATEC,"Alphatec Holdings, Inc.",13,USD,-0.1536098310291826,1985838,0.6771122767606134,1967636238.325653,USD,,-0.9598,USD,15.488245135158929,0,Health technology,Strong buy
VECO,Veeco Instruments Inc.,32.37,USD,-0.3079765937788772,1003201,0.6111461940409163,1954891033.840468,USD,54.73452823807913,0.5914,USD,-51.90696917947467,0,Electronic technology,Neutral
EXTR,"Extreme Networks, Inc.",14.44,USD,1.7618040873854828,1791526,1.0863692562508076,1938852194.6412964,USD,216.16766467065867,0.0668,USD,,0,Electronic technology,Strong buy
OLMA,"Olema Pharmaceuticals, Inc.",24.34,USD,3.8839095177123353,1349860,1.139644387319356,1914582470.8758,USD,,-1.812,USD,17.230038370180885,0,Health technology,Strong buy
WTTR,"Select Water Solutions, Inc.",13.95,USD,3.6404160475482796,2223611,0.7185387741619828,1913186135.1597323,USD,67.61997091614154,0.2063,USD,-31.302031302031303,2.08023774145617,Energy minerals,Strong buy
GOF,Guggenheim Strategic Opportunities Fund,11.82,USD,0.4248088360237954,1731816,1.1557048670154213,1911518620,USD,12.829697167046564,0.9213,USD,-42.08574302237867,18.5658453695837,Miscellaneous,Strong buy
SNDX,"Syndax Pharmaceuticals, Inc.",21.62,USD,1.0280373831775813,1040951,0.8078703155770705,1906896765.9028041,USD,,-3.2963,USD,11.629715021045016,0,Health technology,Strong buy
OI,"O-I Glass, Inc.",12.42,USD,-0.9569377990430561,3185479,1.480502529233669,1892331100.7224882,USD,,-0.8456,USD,-19.587045679536143,0,Process industries,Buy
NCNO,"nCino, Inc.",16.36,USD,-2.7926322043969036,2785063,1.0511217045343724,1876246052.7225194,USD,,-0.1889,USD,-20.089001907183736,0,Technology services,Buy
XPRO,Expro Group Holdings N.V.,16.44,USD,-2.5489033787788955,1547224,1.0791169010296646,1870305965.0503852,USD,36.84446436575527,0.4462,USD,1.1103557670518829,0,Energy minerals,Neutral
PRKS,United Parks & Resorts Inc.,34.16,USD,-0.3500583430571894,753839,0.496110426967215,1863448757.082847,USD,11.22428862456463,3.0434,USD,-21.294093307127337,0,Consumer services,Buy
SONO,"Sonos, Inc.",15.33,USD,3.932203389830509,1800737,0.9774132987571956,1852977843.5023727,USD,,-0.1745,USD,69.32137834036568,0,Consumer durables,Buy
NWBI,"Northwest Bancshares, Inc.",12.63,USD,0.07923930269414868,889596,0.9433738768885193,1845741430.6402538,USD,13.492148274756971,0.9361,USD,19.293997706129744,6.3391442155309,Finance,Neutral
INSP,"Inspire Medical Systems, Inc.",64.32,USD,-2.249240121580553,758013,0.5114184006804042,1838863257.9209726,USD,12.956509477670567,4.9643,USD,186.3743870781655,0,Health technology,Buy
SGRY,"Surgery Partners, Inc.",14.08,USD,1.1494252873563229,2767695,1.299003721436252,1822231220.9655173,USD,,-0.6131,USD,53.978381624380724,0,Health services,Strong buy
RLAY,"Relay Therapeutics, Inc.",10.15,USD,3.0456852791878246,2664280,1.1569922058882283,1814067090.5177667,USD,,-1.613,USD,32.75804568951142,0,Health technology,Strong buy
DRVN,Driven Brands Holdings Inc.,11.01,USD,0.5479452054794567,1600438,0.4744502848442465,1810640970.2438357,USD,,-1.2477,USD,-4721.111111111111,0,Consumer services,Buy
SEMR,"SEMrush Holdings, Inc.",11.94,USD,0.08382229673092864,1374442,0.6662470433888369,1808386381.4585083,USD,,-0.1272,USD,-330.0180831826401,0,Technology services,Neutral
LC,LendingClub Corporation,15.61,USD,5.0471063257065945,1931866,0.9095278140374359,1797969171.2523553,USD,13.518662856153112,1.1547,USD,153.89182058047496,0,Finance,Strong buy
CXW,"CoreCivic, Inc.",18.46,USD,0.6543075245365376,745016,0.5661575461784655,1791987266,USD,17.027949451157642,1.0841,USD,74.79845211222188,0,Commercial services,Strong buy
HLF,Herbalife Ltd.,17.22,USD,-2.931228861330325,1402550,0.563729056353211,1779954962.2254794,USD,7.830476103860669,2.1991,USD,-11.923261775072087,0,Consumer non-durables,Buy
DFTX,"Definium Therapeutics, Inc.",17.76,USD,0.3957037874505386,2433351,1.6742473974299843,1770638937.6868286,USD,,-2.0691,USD,-8.517333613048727,0,Health technology,Strong buy
VET,Vermilion Energy Inc.,11.55,USD,1.0498687664042081,2903730,1.354684094823828,1770550746.8478262,USD,,-1.0904266,USD,70.97012080590424,3.32480818414322,Energy minerals,Buy
VRE,"Veris Residential, Inc.",18.87,USD,0.21242697822624906,1550430,0.3692073062483199,1759821463,USD,23.55217174238642,0.8012,USD,,1.69941582580988,Finance,Buy
RCAT,"Red Cat Holdings, Inc.",14.73,USD,0.20408163265306897,21030630,1.3647224367177597,1758336862.1387756,USD,,,,,0,Technology services,Strong buy
RVLV,"Revolve Group, Inc.",24.7,USD,1.98183319570603,906675,0.44025800694895556,1751856954.7357557,USD,28.851769653077913,0.8561,USD,23.82123228232571,0,Retail trade,Buy
UPWK,Upwork Inc.,13.43,USD,2.2848438690022768,3156424,0.7347911562210828,1751006349.8948972,USD,16.091540857895996,0.8346,USD,-45.54352081430249,0,Commercial services,Buy
ALKT,"Alkami Technology, Inc.",16.49,USD,-2.6564344746163093,2092407,0.7222970460483193,1750382883.5017707,USD,,-0.4582,USD,-10.6496015455204,0,Technology services,Strong buy
TSLX,"Sixth Street Specialty Lending, Inc.",18.48,USD,3.8785834738617275,2343577,1.2085369046475343,1750151202.6441822,USD,10.198675496688741,1.812,USD,-10.575926565661547,10.3428892636313,Miscellaneous,Strong buy
ADNT,Adient plc,22.16,USD,-1.946902654867262,787252,1.0970917839496261,1736039031.9185839,USD,,-3.6161,USD,-23132.48407643312,0,Producer manufacturing,Buy
VOYG,"Voyager Technologies, Inc.",29.06,USD,3.2326820603907644,837429,0.8556613464030209,1730458495.0586147,USD,,-1.8377,USD,,0,Technology services,Strong buy
KSS,Kohl's Corporation,15.29,USD,-0.5851755526658103,4185519,1.084966361659135,1715372668.1762025,USD,8.967215999061638,1.7051,USD,-23.131367775673965,4.06371911573472,Retail trade,Neutral
FMC,FMC Corporation,13.68,USD,-1.1560693641618507,2322898,0.7674593011478992,1709097843.5375721,USD,,-17.8972,USD,-761.0230840258541,13.150289017341,Process industries,Neutral
FUN,Six Flags Entertainment Corporation,16.73,USD,0.11968880909634692,1008962,0.46519097062132303,1704285180.095751,USD,,-15.863,USD,-413.48201858026084,0,Consumer services,Buy
SRPT,"Sarepta Therapeutics, Inc.",16.09,USD,1.3862633900441126,2072962,0.8526706232186344,1689285493.6906114,USD,,-8.4383,USD,-454.0297881267044,0,Health technology,Neutral
DEI,"Douglas Emmett, Inc.",10.35,USD,3.2934131736526955,3796627,1.297812528372142,1677971513,USD,117.74744027303753,0.0879,USD,-33.56009070294784,7.58483033932136,Finance,Neutral
DV,"DoubleVerify Holdings, Inc.",10.34,USD,1.771653543307084,4224065,1.2476873537371973,1674955647.2519684,USD,33.80189604445897,0.3059,USD,-5.381998144138563,0,Technology services,Buy
TNGX,"Tango Therapeutics, Inc.",12.35,USD,7.391304347826084,1729752,0.5831777576344699,1663262104.4565217,USD,,-0.9165,USD,21.773642881529533,0,Health technology,Strong buy
QFIN,"Qfin Holdings, Inc.",15.06,USD,3.5051546391752564,1168625,0.4744625565863462,1660237737.89593,USD,2.198989574511579,6.8486,USD,39.84440405937965,9.89690721649485,Finance,Strong buy
TRVI,"Trevi Therapeutics, Inc.",12.92,USD,5.38336052202284,2099743,1.674039053733265,1656733350.4176183,USD,,-0.3713,USD,15.843155031731634,0,Health technology,Strong buy
PWP,Perella Weinberg Partners,18.64,USD,-0.3741314804917171,701693,0.9187633324796356,1655422728.743987,USD,40.241796200345426,0.4632,USD,,1.49652592196686,Finance,Neutral
AMLX,"Amylyx Pharmaceuticals, Inc.",15.05,USD,6.66194188518782,1467131,1.4577453068418984,1652784525.6201277,USD,,-1.5528,USD,64.98444053578677,0,Health technology,Strong buy
HRMY,"Harmony Biosciences Holdings, Inc.",28.54,USD,0.9550760523523154,637511,0.308530685109724,1650771159.1163776,USD,10.536808683452705,2.7086,USD,7.908051472052911,0,Health technology,Buy
AMPX,"Amprius Technologies, Inc.",12.55,USD,7.910576096302664,9734438,1.4466336859726954,1637572219.8409286,USD,,-0.2601,USD,42.67136874586731,0,Producer manufacturing,Strong buy
NTLA,"Intellia Therapeutics, Inc.",13.82,USD,1.5803013597941922,5896498,1.2973875844025553,1632605536.31018,USD,,-3.8266,USD,27.108215707564238,0,Health technology,Buy
EZPW,"EZCORP, Inc.",26.46,USD,-0.5263157894736863,742345,0.781502906481891,1632508612.2947369,USD,17.093023255813954,1.548,USD,38.64755933721451,0,Finance,Buy
PRGS,Progress Software Corporation,38.7,USD,-0.46296296296296224,493018,0.301702629979824,1629798201.2500002,USD,23.201438848920866,1.668,USD,7.626790553619813,0,Technology services,Strong buy
PBI,Pitney Bowes Inc.,10.84,USD,2.651515151515145,2431099,0.7100593703458102,1625378967.5719697,USD,13.024149945932956,0.8323,USD,1584.8178137651823,3.125,Technology services,Neutral
ZD,"Ziff Davis, Inc.",42.98,USD,3.616200578592093,3806061,1.6299051715299955,1618387728.412729,USD,38.83617963314358,1.1067,USD,-12.789598108747038,0,Technology services,Buy
ICHR,Ichor Holdings,46.65,USD,2.5500109914266793,790282,0.8332492473646825,1616158188.6271708,USD,,-1.5386,USD,-136.34408602150535,0,Producer manufacturing,Buy
PRGO,Perrigo Company plc,11.69,USD,2.633889376646171,3346692,0.8147666343026605,1609120985.1466198,USD,,-10.2775,USD,-761.7725976857284,10.1843722563652,Health technology,Buy
ARLO,"Arlo Technologies, Inc.",15.04,USD,-0.3313452617627615,1445439,0.634943539913717,1607105463.1782637,USD,110.83271923360354,0.1357,USD,,0,Electronic technology,Strong buy
TNDM,"Tandem Diabetes Care, Inc.",23.41,USD,-1.3900589721988135,1762245,0.3888633801731609,1599509953.061921,USD,,-3.0691,USD,-108.59783864609528,0,Health technology,Buy
BHVN,Biohaven Ltd.,10.61,USD,-0.5623242736644846,2150867,1.1702863178323106,1595925269.9109654,USD,,-6.9602,USD,25.882778889977427,0,Health technology,Buy
CBZ,"CBIZ, Inc.",28.67,USD,-3.9852645679839176,1514182,0.7782957854180835,1578950542.2113197,USD,16.199570572946097,1.7698,USD,62.83006716349251,0,Commercial services,Buy
FLYW,Flywire Corporation - Voting,12.85,USD,2.3089171974522227,1989316,0.7443023148876702,1557475286.7157643,USD,128.5,0.1,USD,769.5652173913045,0,Commercial services,Buy
MUX,McEwen Inc.,25.83,USD,1.0168165819319437,877230,0.7376195647823424,1535165865.5103636,USD,,-0.2251,USD,-110.78736761393588,0,Non-energy minerals,Strong buy
EFC,Ellington Financial Inc.,12.2,USD,-0.7323026851098443,1683884,0.8332430261314898,1531936512,USD,10.092653871608205,1.2088,USD,-10.690801625415578,12.693246541904,Finance,Strong buy
NVCR,NovoCure Limited,13.42,USD,0.9022556390977385,1761930,0.6236606647148828,1527120808.6481202,USD,,-1.2222,USD,21.72409376200845,0,Health technology,Buy
LEG,"Leggett & Platt, Incorporated",11.23,USD,-0.4432624113475083,1236370,0.726418058095936,1525905344.4609928,USD,6.673004931962684,1.6829,USD,,1.77304964539007,Consumer durables,Neutral
PUMP,ProPetro Holding Corp.,12.49,USD,1.3798701298701292,1746271,0.541270843713701,1524080319.6168833,USD,1864.1791044776119,0.0067,USD,,0,Industrial services,Buy
NOMD,Nomad Foods Limited,10.38,USD,-1.1428571428571355,2329405,0.960709047452054,1522186548.6457145,USD,7.178423236514524,1.446,USD,8.152580403889303,6.47619047619048,Consumer non-durables,Strong buy
AMSC,American Superconductor Corporation,31.86,USD,2.4766806046960426,444015,0.4831923834041212,1516927427.1026053,USD,10.875947292961017,2.9294,USD,3754.473684210526,0,Producer manufacturing,Strong buy
AXGN,"Axogen, Inc.",29.22,USD,-2.044921220248071,614188,0.5551330063028079,1516450269.9403286,USD,,-0.3387,USD,-47.005208333333336,0,Health technology,Strong buy
SMPL,The Simply Good Foods Company,16.38,USD,0.738007380073785,1546767,0.7566244574241691,1516382719.9151292,USD,18.252730109204368,0.8974,USD,-35.895421101507246,0,Consumer non-durables,Buy
KW,Kennedy-Wilson Holdings Inc.,10.9,USD,-0.09165902841429685,2672248,1.0095054324447224,1509263116.9385886,USD,,-0.2842,USD,49.14101646385111,4.39963336388634,Finance,No rating
MXL,"MaxLinear, Inc",17.42,USD,0.7518796992481351,807607,0.6962554266243147,1505979094.9624062,USD,,-1.5824,USD,46.07599250298177,0,Electronic technology,Buy
PRCT,PROCEPT BioRobotics Corporation,26.56,USD,1.1424219345011315,1307061,0.42530446734321736,1497723564.3320637,USD,,-1.72,USD,2.206049579258582,0,Health technology,Buy
SBH,"Sally Beauty Holdings, Inc. (Name to be changed from Sally Holdings, Inc.)",15.43,USD,-0.7717041800643151,1180086,0.8551086336345372,1496845986.4257233,USD,8.761569473624439,1.7611,USD,5.663886722265557,0,Retail trade,Buy
CRVS,"Corvus Pharmaceuticals, Inc.",17.84,USD,1.7683970336565813,887358,0.7423784642830789,1494414877.5265255,USD,,-0.5349,USD,42.247894623191534,0,Health technology,Strong buy
EYPT,"EyePoint, Inc.",18,USD,-1.746724890829696,1723063,0.9638731403606421,1490169866.2663755,USD,,-2.9902,USD,-49.033094098883566,0,Health technology,Strong buy
SOC,Sable Offshore Corp.,10.09,USD,8.029978586723768,5578560,1.080909188600029,1485692940.9122057,USD,,-3.9917,USD,71.59882459248507,0,Energy minerals,Strong buy
NVRI,Enviri Corporation,18.16,USD,1.3392857142857053,1532321,1.1095456182237855,1479122945.3348212,USD,,-2.1123,USD,-32.31646203958906,0,Industrial services,Buy
ENOV,Enovis Corporation,25.79,USD,1.9770660340055357,1017191,0.7487225893488186,1476352019.2597866,USD,,-20.6926,USD,-39.717628947421716,0,Health technology,Strong buy
ARI,"Apollo Commercial Real Estate Finance, Inc",10.68,USD,1.2322274881516493,1259277,1.1856051554853575,1472769305,USD,13.293502613890963,0.8034,USD,,9.47867298578199,Finance,Strong buy
PGNY,"Progyny, Inc.",17.79,USD,1.5410958904109566,2389182,1.2394577596025238,1457040833.5565066,USD,27.256013482457487,0.6527,USD,15.48124557678696,0,Commercial services,Strong buy
SFL,SFL Corporation Ltd,10.97,USD,-0.3633060853769223,1797343,1.0800826066451645,1456791624.879201,USD,,-0.2032,USD,,8.53769300635786,Transportation,Buy
PEB,Pebblebrook Hotel Trust,12.98,USD,1.8039215686274546,2030301,0.8215042125993427,1450546349,USD,,-0.9038,USD,-105.78324225865212,0.313725490196078,Finance,Neutral
INOD,Innodata Inc.,44.43,USD,1.6239707227813378,721895,0.60574766973492,1448524580.1717749,USD,48.669076569175154,0.9129,USD,7.691400259525779,0,Technology services,Strong buy
SGML,Sigma Lithium Corporation,12.96,USD,2.7755749405234056,1755223,0.35106460366111664,1443536391.1141868,USD,,-0.3028524,USD,36.741883803625555,0,Non-energy minerals,Strong buy
REAL,"The RealReal, Inc.",12.13,USD,4.299226139294927,3242236,0.6523354191725612,1443261419.27859,USD,,-1.097,USD,14.50393578053152,0,Retail trade,Strong buy
QDEL,QuidelOrtho Corporation,21.19,USD,-1.3500931098696423,572717,0.497357751394853,1442652552.8007448,USD,,-16.6622,USD,44.96746705419956,0,Health technology,Neutral
WWW,"Wolverine World Wide, Inc.",17.74,USD,-0.337078651685406,1555449,0.8493335529860364,1442533224.6674154,USD,15.713020372010627,1.129,USD,98.8726440021138,2.24719101123596,Consumer non-durables,Buy
SKYT,"SkyWater Technology, Inc.",29.31,USD,-1.8090452261306622,1077601,1.022963399569266,1425218893.8743715,USD,12.053296048032239,2.4317,USD,,0,Producer manufacturing,Neutral
GLUE,"Monte Rosa Therapeutics, Inc.",18.61,USD,3.6191536748329542,567718,0.5420979106450063,1418877685.2639196,USD,60.93647675180092,0.3054,USD,,0,Health technology,Strong buy
YELP,Yelp Inc.,23.74,USD,2.415875754961168,1537273,0.7840962513542641,1412933920.0207074,USD,10.526315789473683,2.2553,USD,17.918017358569486,0,Technology services,Neutral
OUST,"Ouster, Inc.",22.38,USD,3.038674033149172,2695261,1.483814227932534,1405553324.2265193,USD,,-1.1112,USD,46.9366314884676,0,Electronic technology,Strong buy
CAPR,"Capricor Therapeutics, Inc.",25.5,USD,-1.31578947368421,750901,0.6212426822690013,1387219890.7894735,USD,,-1.7987,USD,-69.35316825157706,0,Health technology,Strong buy
NNE,Nano Nuclear Energy Inc.,26.36,USD,1.3066871637202149,1110292,0.8027242646503295,1372913037.5234435,USD,,-1.0933,USD,-170.6188118811881,0,Producer manufacturing,Strong buy
FIVN,"Five9, Inc.",17.89,USD,1.3023782559456423,3025867,0.7947688463184116,1368507734.6500566,USD,39.588404514273066,0.4519,USD,,0,Technology services,Buy
DAWN,"Day One Biopharmaceuticals, Inc.",12.87,USD,28.31505483549352,12276293,6.241451890973447,1360418722.9591227,USD,,-1.0421,USD,-0.35631741140216067,0,Health technology,Strong buy
ORIC,"Oric Pharmaceuticals, Inc.",13.51,USD,0,1031495,0.5320683233715974,1355839924,USD,,-1.5146,USD,17.216878006121554,0,Health technology,Strong buy
BW,"Babcock & Wilcox Enterprises, Inc.",11.8,USD,45.67901234567903,19042127,10.814193383656876,1310981303.8271606,USD,,-2.0773,USD,-148.89767553318958,0,Electronic technology,Strong buy
AEHR,Aehr Test Systems,42.66,USD,2.44956772334293,2590346,1.3635646293310424,1306562400.6224782,USD,,-0.2955,USD,-139.57412615508235,0,Electronic technology,Buy
ENR,"Energizer Holdings, Inc.",19.03,USD,-4.467871485943777,1287127,1.0891936167535468,1302960462.4854417,USD,6.412805391743893,2.9675,USD,274.2590490604111,6.02409638554217,Consumer non-durables,Neutral
MAN,ManpowerGroup,27.96,USD,-0.32085561497326154,971720,0.5510384851375214,1297893194.2074869,USD,,-0.2885,USD,-109.61891107925183,5.13368983957219,Commercial services,Neutral
GILT,Gilat Satellite Networks Ltd.,17.61,USD,4.201183431952668,941520,1.1884139485404341,1288064148.8147929,USD,53.106151990349815,0.3316,USD,-23.91005048187242,0,Electronic technology,Strong buy
MLTX,MoonLake Immunotherapeutics,18.14,USD,2.543810062182019,671595,0.4242995830069405,1285171817.5421143,USD,,-3.5258,USD,-86.55026455026456,0,Health technology,Buy
CRI,"Carter's, Inc.",35.2,USD,-1.9771651350598547,1914556,1.1064956300046946,1280792084.4778614,USD,13.97712833545108,2.5184,USD,-50.881572788266496,4.31634642160958,Retail trade,Neutral
ECVT,Ecovyst Inc.,11.5,USD,0.2615518744550947,2712595,1.5050309828559532,1271740241.238012,USD,,-0.6358,USD,-973.9864864864865,0,Process industries,Buy
TRIN,Trinity Capital Inc.,15.11,USD,1.4093959731543562,1583668,0.9747216583195809,1256772880.9731543,USD,7.707217546544249,1.9605,USD,-4.95927865037814,13.6912751677852,Miscellaneous,Buy
AESI,Atlas Energy Solutions Inc.,10.04,USD,1.3118062563067507,2852519,1.031710425967521,1246579668.8072653,USD,,-0.4058,USD,-175.00924214417745,7.56811301715439,Industrial services,Neutral
CRML,Critical Metals Corp.,10.02,USD,2.2448979591836618,4672854,0.5729023975531338,1181403217.8061223,USD,,-0.5583,USD,70.16034206306789,0,Non-energy minerals,Strong buy
TRIP,"TripAdvisor, Inc.",10.26,USD,3.427419354838708,2976513,0.8993897441371995,1177388550.580645,USD,34.29144385026738,0.2992,USD,1713.3333333333333,0,Consumer services,Neutral
CCOI,"Cogent Communications Holdings, Inc.",23.09,USD,6.749884419787337,1286485,0.5815467307290163,1155935152.9186316,USD,,-3.8239,USD,11.067956649146476,14.1007859454461,Communications,Buy
CSIQ,Canadian Solar Inc.,17.04,USD,2.2809123649459724,1463729,0.7217674782169792,1141207031.5822327,USD,87.42945100051308,0.1949,USD,1537.81512605042,0,Electronic technology,Neutral
GLDD,Great Lakes Dredge & Dock Corporation,16.95,USD,-0.17667844522968867,1677400,1.0848388053320985,1131934527.0583038,USD,15.619240692959822,1.0852,USD,28.471646738487028,0,Industrial services,Neutral
HLIT,Harmonic Inc.,10.22,USD,0.09794319294808801,889344,0.5675684472317649,1126676953.6336925,USD,,-0.3892,USD,-218.65853658536585,0,Electronic technology,Buy
GPRE,"Green Plains, Inc.",15.18,USD,3.476482617586911,1836856,1.311380937408885,1060153661.7709612,USD,,-1.8994,USD,-37.757470263997675,0,Process industries,Buy
PMT,PennyMac Mortgage Investment Trust,12,USD,-0.49751243781094934,985669,1.1629651269390933,1049420251,USD,12.161751292186075,0.9867,USD,-25.901171522979865,13.2669983416252,Finance,Neutral
MFA,"MFA Financial, Inc.",10.19,USD,0.6916996047430859,1170889,0.8561987242087729,1033189819,USD,7.863867880845809,1.2958,USD,59.62059620596207,14.2292490118577,Finance,Buy
PZZA,"Papa John's International, Inc.",30.81,USD,-3.6886527039699897,1012709,0.594354370329192,1010899288.8830886,USD,34.36314967655588,0.8966,USD,-64.57526669300672,5.75179743669897,Consumer services,Buy
PENG,"Penguin Solutions, Inc.",19.2,USD,1.3192612137203166,723573,0.5841051124908468,1009155069.9736148,USD,95999.99999999999,0.0002,USD,,0,Electronic technology,Strong buy
VTYX,"Ventyx Biosciences, Inc.",14,USD,0.14306151645207132,5448870,1.344125735614348,1004650925.0000001,USD,,-1.4995,USD,36.64709113186023,0,Health technology,Neutral
METC,"Ramaco Resources, Inc.",15.84,USD,2.391725921137681,1268924,0.518056556710708,1002680212.840336,USD,,-0.8776,USD,-553.5400516795864,0,Energy minerals,Buy
SNCY,"Sun Country Airlines Holdings, Inc.",18.26,USD,-2.8206492815327175,637711,0.6987289750796808,976067972.0234169,USD,19.09642334239699,0.9562,USD,-0.020911752404849222,0,Transportation,Buy
FTRE,Fortrea Holdings Inc.,10.38,USD,-0.9541984732824393,1352599,0.613281568449501,970529957.4103054,USD,,-10.91,USD,-215.8016615046169,0,Commercial services,Neutral
SDGR,"Schrodinger, Inc.",13.12,USD,4.959999999999994,1319597,0.8465000549430848,968585272.1151998,USD,,-1.4109,USD,45.226910982569194,0,Technology services,Strong buy
STAA,STAAR Surgical Company,19.22,USD,1.5856236786469196,1880495,1.1059467452732927,956040375.5063423,USD,,-1.9571,USD,-546.7244921250856,0,Health technology,Neutral
PGY,Pagaya Technologies Ltd.,11.68,USD,3.5460992907801447,2393589,0.6358414270710361,939024531.3617022,USD,13.742793269796447,0.8499,USD,,0,Technology services,Strong buy
WOLF,"Wolfspeed, Inc.",20.59,USD,-1.2470023980815421,1540433,1.0272100814335288,928375943.9131895,USD,,-16.0561,USD,-109.05563584755807,0,Electronic technology,Buy
AEVA,"Aeva Technologies, Inc.",15.01,USD,7.444523979957045,2097833,1.3014415884757293,901799412.8911954,USD,,-5.0758,USD,-77.81748117008233,0,Electronic technology,Strong buy
VITL,"Vital Farms, Inc.",20.01,USD,-1.4285714285714244,1950151,0.5843469119447201,896390472.7285715,USD,13.881373569198752,1.4415,USD,21.083578328433443,0,Process industries,Strong buy
BKSY,BlackSky Technology Inc.,24.3,USD,6.954225352112685,1608848,1.1947394713197936,874620141.4964792,USD,,-2.1459,USD,29.98238057948316,0,Technology services,Strong buy
JANX,"Janux Therapeutics, Inc.",14.35,USD,6.770833333333334,1057107,1.2891333400893181,872934256.5104166,USD,,-1.8334,USD,-43.26795342658434,0,Health technology,Strong buy
PHAT,"Phathom Pharmaceuticals, Inc.",11.06,USD,0.09049773755655915,570295,0.4306656247432446,871513788.1502262,USD,,-3.0515,USD,42.99564738189087,0,Health technology,Strong buy
INMD,InMode Ltd.,13.56,USD,-0.29411764705881727,454128,0.4528137082119149,859144665.9529413,USD,9.375000000000002,1.4464,USD,-38.16953789595179,0,Health technology,Neutral
AMN,AMN Healthcare Services Inc,21.78,USD,3.763696998570761,916113,0.4505391196272829,841602773.0366843,USD,,-2.4952,USD,35.025909434158784,0,Commercial services,Buy
ADTN,"ADTRAN Holdings, Inc.",10.25,USD,3.744939271255052,1014720,0.6057583940238906,826761372.0394737,USD,,-0.5215,USD,90.83689139563896,0,Electronic technology,Buy
OMER,Omeros Corporation,11.59,USD,-0.42955326460481713,879372,0.9857765204635293,821736346.9329897,USD,,-2.0176,USD,12.316384180790973,0,Health technology,Buy
NSP,"Insperity, Inc.",21.41,USD,0.18717828731866704,1069097,0.9136832288703858,807765509.8703791,USD,,-0.1911,USD,-107.99715433545363,11.2306972391203,Commercial services,Neutral
OMDA,"Omada Health, Inc.",13.52,USD,3.9999999999999964,1423402,1.1670700106556278,782916791.28,USD,,-0.465,USD,50.91830272324256,0,Technology services,Strong buy
PAR,PAR Technology Corporation,18.67,USD,6.503137478608104,1832473,1.0540404280071152,768319700.1893897,USD,,-2.0927,USD,-688.8051262721447,0,Electronic technology,Strong buy
CTLP,"Cantaloupe, Inc.",10.4,USD,0,1379065,1.1971904592497833,766689968,USD,14.256339958875943,0.7295,USD,265.29794692038064,0,Commercial services,No rating
PHR,"Phreesia, Inc.",12.63,USD,2.101859337105914,1149842,0.699189230373889,761424835.525465,USD,,-0.0961,USD,93.47058024188068,0,Technology services,Strong buy
OIS,"Oil States International, Inc.",12.51,USD,0.8058017727638972,772345,0.3533608108771507,747417037.6559227,USD,,-1.9104,USD,-974.4656917885263,0,Industrial services,Buy
ODD,ODDITY Tech Ltd.,13,USD,5.263157894736845,2993447,0.4955744426998274,746705364.2105263,USD,7.23387680151355,1.7971,USD,9.97490973624624,0,Technology services,Neutral
NRDS,"NerdWallet, Inc.",11.17,USD,-2.7003484320557534,1024901,0.7148258460240545,745997305.2412891,USD,17.436778020605683,0.6406,USD,58.250988142292485,0,Technology services,Buy
RYAM,Rayonier Advanced Materials Inc.,10.92,USD,16.542155816435443,1664302,1.0278970923263928,731701059.931697,USD,,-6.2226,USD,-383.6844150796735,0,Process industries,Strong buy
FWRG,"First Watch Restaurant Group, Inc.",11.96,USD,-3.5483870967741895,1108151,0.3792244657068667,731212196.8387097,USD,38.73056994818653,0.3088,USD,1.8133860863831206,0,Consumer services,Strong buy
EHAB,"Enhabit, Inc.",13.61,USD,0.07352941176470432,1989917,0.5145335414100679,690343418.4897059,USD,,-0.2476,USD,89.34228650137742,0,Health services,Neutral
CBRL,"Cracker Barrel Old Country Store, Inc.",30.62,USD,-0.2930641484858348,1662122,1.4812240999751096,683686291.3839141,USD,41.17805271651425,0.7436,USD,-58.7713461964959,3.25626831650928,Consumer services,Neutral
LPTH,"LightPath Technologies, Inc.",11.8,USD,-1.502504173622702,1879334,0.6071550668536937,680961487.8797996,USD,,-0.5181,USD,-119.81332201951633,0,Electronic technology,Strong buy
MAX,"MediaAlpha, Inc.",10.25,USD,0.09765624999999792,749296,0.471589759404861,661080623.7060546,USD,25.896917635169277,0.3958,USD,31.276948590381426,0,Technology services,Strong buy
EVER,"EverQuote, Inc.",16.85,USD,2.869352869352884,869134,0.6125277066150052,605857230.8089134,USD,6.39517230909367,2.6348,USD,202.64185619113252,0,Technology services,Buy
SPPP,Sprott Physical Platinum and Palladium Trust,17.43,USD,1.6326530612244965,410548,0.4645570284861805,602702450,USD,4.211467368980598,4.1387,USD,,0,Miscellaneous,No rating
UMAC,"Unusual Machines, Inc.",14.68,USD,5.839942321557322,2289405,0.8538736160155818,541333059.7116078,USD,,-3.5281,USD,-254.084704937776,0,Electronic technology,Strong buy
BBNX,"Beta Bionics, Inc.",11.38,USD,-1.6421780466724243,837866,0.5895894225096489,505068795.6905791,USD,,-1.6794,USD,-32.685470490637584,0,Health technology,Buy
DXYZ,Destiny Tech100 Inc.,27.87,USD,-0.6771204561653519,576402,0.7844971702261765,404849343.28000003,USD,15.71380243572395,1.7736,USD,1414.6029035012812,0,Miscellaneous,No rating
FVRR,Fiverr International Ltd.,10.87,USD,1.683816651075769,712050,0.2623012006104853,400716373.72497654,USD,19.235533533887804,0.5651,USD,19.927843803056035,0,Technology services,Buy
NPT,Texxon Holding Limited,14.9,USD,44.94163424124515,1063232,0.6865835778309661,330556484.0564202,USD,,-0.0424,USD,,0,Distribution services,No rating
BKKT,"Bakkt, Inc.",10.2,USD,6.360792492179347,1877276,1.1525911283423835,311733341.2930135,USD,,-5.0745,USD,58.613349427462246,0,Commercial services,Strong buy
BATL,Battalion Oil Corporation,18.57,USD,-32.91184971098266,29768549,1.0449462594836216,305598360.257948,USD,,-3.3522,USD,-321.8195545488864,0,Energy minerals,No rating
VELO,"Velo3D, Inc.",12.26,USD,3.3726812816188905,1036744,0.5928891887553361,301812134.70320404,USD,,-16.3282,USD,93.09099648714817,0,Producer manufacturing,Strong buy
BNAI,Brand Engagement Network Inc.,46.72,USD,9.491445980782744,1936281,0.9957687512532086,272566878.9575814,USD,,-5.8113,USD,53.603876922094294,0,Technology services,No rating
MOVE,Movano Inc.,13.8,USD,0.4366812227074272,78906,1.6848627976845039,15758634.803493451,USD,,-22.8893,USD,55.9749189771405,0,Technology services,No rating
PAVM,PAVmed Inc.,10.5,USD,3.448275862068962,40981,0.7780104453611928,15715307.586206896,USD,,-17.1657,USD,86.71694906991483,0,Health technology,Strong buy